Family,Species,kmax,lon,lat,sizemax,sstmean,method,species,source
Acanthuridae,Acanthurus auranticavus,0.155844968,147.5,-18.5,60.7,26.55649216,Otolith rings,Acanthurus_auranticavus,Morais_fishbase
Acanthuridae,Acanthurus bahianus,0.219824541,-14.4,-7.9,52,25.93844689,Otolith rings,Acanthurus_bahianus,Morais_fishbase
Acanthuridae,Acanthurus bahianus,0.282354889,-42,-22.98,52,23.68475711,Otolith rings,Acanthurus_bahianus,Morais_fishbase
Acanthuridae,Acanthurus bahianus,0.295534247,-5.7,-18.9,52,22.38181805,Otolith rings,Acanthurus_bahianus,Morais_fishbase
Acanthuridae,Acanthurus blochii,0.082224162,147.5,-18.5,61.5,26.55649216,Otolith rings,Acanthurus_blochii,Morais_fishbase
Acanthuridae,Acanthurus chirurgus,0.149562287,-64.69,18.33,42,27.87900795,Mark-recapture,Acanthurus_chirurgus,Morais_fishbase
Acanthuridae,Acanthurus chirurgus,0.331596163,-77.3,17.7,42,28.48861941,Unknown,Acanthurus_chirurgus,Morais_fishbase
Acanthuridae,Acanthurus chirurgus,0.249687157,-78.8,9.6,42,28.77987676,Otolith rings,Acanthurus_chirurgus,Morais_fishbase
Acanthuridae,Acanthurus coeruleus,0.084608638,-64.69,18.33,45,27.87900795,Mark-recapture,Acanthurus_coeruleus,Morais_fishbase
Acanthuridae,Acanthurus coeruleus,0.200592124,-77.3,17.7,45,28.48861941,Unknown,Acanthurus_coeruleus,Morais_fishbase
Acanthuridae,Acanthurus coeruleus,0.205573348,-76.09,23.08,45,27.07117892,Otolith rings,Acanthurus_coeruleus,Morais_fishbase
Acanthuridae,Acanthurus coeruleus,0.134461621,-78.8,9.6,45,28.77987676,Otolith rings,Acanthurus_coeruleus,Morais_fishbase
Acanthuridae,Acanthurus coeruleus,0.128065796,-14.4,-7.9,45,25.93844689,Otolith rings,Acanthurus_coeruleus,Morais_fishbase
Acanthuridae,Acanthurus dussumieri,0.168954875,147.5,-18.5,54,26.55649216,Otolith rings,Acanthurus_dussumieri,Morais_fishbase
Acanthuridae,Acanthurus lineatus,0.267333315,-170.8,-14.5,38,28.9795003,Otolith rings,Acanthurus_lineatus,Morais_fishbase
Acanthuridae,Acanthurus lineatus,0.137526481,145.4,-14.7,38,26.86426235,Otolith rings,Acanthurus_lineatus,Morais_fishbase
Acanthuridae,Acanthurus lineatus,0.328462524,145.4,-14.7,38,26.86426235,Otolith rings,Acanthurus_lineatus,Morais_fishbase
Acanthuridae,Acanthurus lineatus,0.207163177,145.4,-14.7,38,26.86426235,Otolith rings,Acanthurus_lineatus,Morais_fishbase
Acanthuridae,Acanthurus mata,0.226838798,147.5,-18.5,50,26.55649216,Otolith rings,Acanthurus_mata,Morais_fishbase
Acanthuridae,Acanthurus nigricans,0.188527529,147.5,-18.5,21.3,26.55649216,Otolith rings,Acanthurus_nigricans,Morais_fishbase
Acanthuridae,Acanthurus nigricans,0.547985901,-157.5,2,21.3,27.88374093,Otolith rings,Acanthurus_nigricans,Morais_fishbase
Acanthuridae,Acanthurus nigricans,0.336656302,-162.15,5.88,21.3,28.44501644,Otolith rings,Acanthurus_nigricans,Morais_fishbase
Acanthuridae,Acanthurus nigrofuscus,0.220982334,147.5,-18.5,21,26.55649216,Otolith rings,Acanthurus_nigrofuscus,Morais_fishbase
Acanthuridae,Acanthurus nigrofuscus,0.319436564,147.5,-18.5,21,26.55649216,Otolith rings,Acanthurus_nigrofuscus,Morais_fishbase
Acanthuridae,Acanthurus nigrofuscus,0.489771877,147.5,-18.5,21,26.55649216,Otolith rings,Acanthurus_nigrofuscus,Morais_fishbase
Acanthuridae,Acanthurus olivaceus,0.653611187,145.4,-14.5,35,26.79756384,Otolith rings,Acanthurus_olivaceus,Morais_fishbase
Acanthuridae,Acanthurus pyroferus,0.246764369,147.5,-18.5,25,26.55649216,Otolith rings,Acanthurus_pyroferus,Morais_fishbase
Acanthuridae,Acanthurus tractus,0.090372502,-64.69,18.33,52,27.87900795,Mark-recapture,Acanthurus_tractus,Morais_fishbase
Acanthuridae,Acanthurus tractus,0.253200691,-78.8,9.6,52,28.77987676,Otolith rings,Acanthurus_tractus,Morais_fishbase
Acanthuridae,Acanthurus tractus,0.167272263,-76.09,23.08,52,27.07117892,Otolith rings,Acanthurus_tractus,Morais_fishbase
Acanthuridae,Acanthurus tractus,0.134997005,-66.75,11.83,52,27.7978402,Otolith rings,Acanthurus_tractus,Morais_fishbase
Acanthuridae,Acanthurus tractus,0.164431034,-67.5,12,52,27.62150115,Otolith rings,Acanthurus_tractus,Morais_fishbase
Acanthuridae,Acanthurus tractus,0.103129354,-59.7,13.2,52,28.12813806,Otolith rings,Acanthurus_tractus,Morais_fishbase
Acanthuridae,Acanthurus tractus,0.07086824,-88.08,16.8,52,28.50754215,Otolith rings,Acanthurus_tractus,Morais_fishbase
Acanthuridae,Acanthurus tractus,0.178248051,-88.1,16.8,52,28.52916691,Otolith rings,Acanthurus_tractus,Morais_fishbase
Acanthuridae,Acanthurus tractus,0.172587112,-64.7,32.35,52,23.1178262,Otolith rings,Acanthurus_tractus,Morais_fishbase
Acanthuridae,Acanthurus tractus,0.108420665,-64.9,32.24,52,23.16954045,Otolith rings,Acanthurus_tractus,Morais_fishbase
Acanthuridae,Acanthurus triostegus,0.374943289,-157.78,21.44,27,25.51690745,Mark-recapture,Acanthurus_triostegus,Morais_fishbase
Acanthuridae,Acanthurus xanthopterus,0.199403662,147.5,-18.5,70,26.55649216,Otolith rings,Acanthurus_xanthopterus,Morais_fishbase
Acanthuridae,Ctenochaetus striatus,0.461087633,-170.8,-14.5,26,28.9795003,Otolith rings,Ctenochaetus_striatus,Morais_fishbase
Acanthuridae,Ctenochaetus striatus,0.394567649,-170.65,-14.3,26,29.06502218,Otolith rings,Ctenochaetus_striatus,Morais_fishbase
Acanthuridae,Ctenochaetus striatus,0.299011717,-169.53,-14.22,26,29.13913405,Otolith rings,Ctenochaetus_striatus,Morais_fishbase
Acanthuridae,Ctenochaetus striatus,0.775943793,-169.64,-14.16,26,29.10490245,Otolith rings,Ctenochaetus_striatus,Morais_fishbase
Acanthuridae,Ctenochaetus striatus,0.398042113,-149.9,-17.47,26,28.24027271,Otolith rings,Ctenochaetus_striatus,Morais_fishbase
Acanthuridae,Ctenochaetus striatus,0.220103974,150.7,-2.6,26,30.46326909,Otolith rings,Ctenochaetus_striatus,Morais_fishbase
Acanthuridae,Ctenochaetus striatus,0.161515195,150.4,-5.2,26,30.86338429,Otolith rings,Ctenochaetus_striatus,Morais_fishbase
Acanthuridae,Ctenochaetus striatus,0.691201253,145.46,-14.69,26,26.78889742,Otolith rings,Ctenochaetus_striatus,Morais_fishbase
Acanthuridae,Ctenochaetus striatus,0.467261435,145.46,-14.705,26,26.79192331,Otolith rings,Ctenochaetus_striatus,Morais_fishbase
Acanthuridae,Ctenochaetus striatus,0.599246425,147.5,-18.5,26,26.55649216,Otolith rings,Ctenochaetus_striatus,Morais_fishbase
Acanthuridae,Ctenochaetus striatus,0.219678621,152.1,-23.5,26,24.7299718,Otolith rings,Ctenochaetus_striatus,Morais_fishbase
Acanthuridae,Ctenochaetus striatus,0.257467958,96.86,-12.15,26,27.80776217,Otolith rings,Ctenochaetus_striatus,Morais_fishbase
Acanthuridae,Ctenochaetus striatus,0.395310585,96.87,-12.21,26,27.87672068,Otolith rings,Ctenochaetus_striatus,Morais_fishbase
Acanthuridae,Ctenochaetus striatus,1.92751222,59,25,26,27.56699682,Otolith rings,Ctenochaetus_striatus,Morais_fishbase
Acanthuridae,Ctenochaetus striatus,2.351884073,55.5,-4.5,26,28.51449454,Otolith rings,Ctenochaetus_striatus,Morais_fishbase
Acanthuridae,Ctenochaetus striatus,0.976083188,53.2,-5.9,26,28.06405003,Otolith rings,Ctenochaetus_striatus,Morais_fishbase
Acanthuridae,Ctenochaetus strigosus,0.638560068,-171.7,25.8,18.6,24.83742968,Otolith rings,Ctenochaetus_strigosus,Morais_fishbase
Acanthuridae,Ctenochaetus strigosus,0.499963016,-171.7,25.8,18.6,24.83742968,Otolith rings,Ctenochaetus_strigosus,Morais_fishbase
Acanthuridae,Ctenochaetus strigosus,0.419953037,-157.78,21.44,18.6,25.51690745,Otolith rings,Ctenochaetus_strigosus,Morais_fishbase
Acanthuridae,Ctenochaetus strigosus,0.533937445,-169.5,16.7,18.6,26.76565034,Otolith rings,Ctenochaetus_strigosus,Morais_fishbase
Acanthuridae,Ctenochaetus strigosus,0.329399617,-169.5,16.7,18.6,26.76565034,Otolith rings,Ctenochaetus_strigosus,Morais_fishbase
Acanthuridae,Naso annulatus,0.103226877,147.5,-18.5,100,26.55649216,Otolith rings,Naso_annulatus,Morais_fishbase
Acanthuridae,Naso brachycentron,0.093104941,147.5,-18.5,105.1,26.55649216,Otolith rings,Naso_brachycentron,Morais_fishbase
Acanthuridae,Naso brevirostris,0.101262618,147.5,-18.5,60,26.55649216,Otolith rings,Naso_brevirostris,Morais_fishbase
Acanthuridae,Naso hexacanthus,0.126966083,147.5,-18.5,79.2,26.55649216,Otolith rings,Naso_hexacanthus,Morais_fishbase
Acanthuridae,Naso lituratus,0.131158585,145.4,-14.7,60,26.86426235,Otolith rings,Naso_lituratus,Morais_fishbase
Acanthuridae,Naso lituratus,0.193353733,158.13,6.8,60,29.83614024,Otolith rings,Naso_lituratus,Morais_fishbase
Acanthuridae,Naso lituratus,0.119523411,144.75,13.5,60,28.98428293,Otolith rings,Naso_lituratus,Morais_fishbase
Acanthuridae,Naso tuberosus,0.233825887,147.5,-18.5,65.3,26.55649216,Otolith rings,Naso_tuberosus,Morais_fishbase
Acanthuridae,Naso unicornis,0.155497797,147.5,-18.5,73.6,26.55649216,Otolith rings,Naso_unicornis,Morais_fishbase
Acanthuridae,Naso unicornis,0.148477237,158.13,6.8,73.6,29.83614024,Otolith rings,Naso_unicornis,Morais_fishbase
Acanthuridae,Naso unicornis,0.100493411,144.75,13.5,73.6,28.98428293,Otolith rings,Naso_unicornis,Morais_fishbase
Acanthuridae,Naso unicornis,0.187561918,-158.02,21.7,73.6,25.35954219,Otolith rings,Naso_unicornis,Morais_fishbase
Acanthuridae,Naso vlamingii,0.141656531,147.5,-18.5,60,26.55649216,Otolith rings,Naso_vlamingii,Morais_fishbase
Acanthuridae,Zebrasoma flavescens,0.182457906,-156,20,20,26.15850141,Otolith rings,Zebrasoma_flavescens,Morais_fishbase
Acanthuridae,Zebrasoma scopas,0.167179961,147.5,-18.5,23.3,26.55649216,Otolith rings,Zebrasoma_scopas,Morais_fishbase
Apogonidae,Apogon imberbis,0.552264419,7.4,43.7,18.5,18.38586493,Unknown,Apogon_imberbis,Morais_fishbase
Apogonidae,Ostorhinchus cyanosoma,4.07003351,34.93,29.5,8,24.2409014,Mark-recapture,Ostorhinchus_cyanosoma,Morais_fishbase
Apogonidae,Rhabdamia gracilis,3.199620189,179,-16.3,6,28.70749415,Otolith rings,Rhabdamia_gracilis,Morais_fishbase
Balistidae,Balistes polylepis,0.086168697,-106.49,23.28,76,26.62942718,Other rings,Balistes_polylepis,Morais_fishbase
Balistidae,Balistes vetula,0.38701487,-64.69,18.33,60,27.87900795,Mark-recapture,Balistes_vetula,Morais_fishbase
Balistidae,Balistes vetula,0.22064673,-65.3,18.4,60,27.71380093,Otolith rings,Balistes_vetula,Morais_fishbase
Balistidae,Balistes vetula,0.070137422,-38.5,-18.5,60,26.11874864,Other rings,Balistes_vetula,Morais_fishbase
Balistidae,Melichthys niger,0.225076861,-87.95,17.92,30,28.3692299,Other rings,Melichthys_niger,Morais_fishbase
Balistidae,Melichthys niger,0.11624832,-169.55,16.74,30,26.79847739,Other rings,Melichthys_niger,Morais_fishbase
Balistidae,Pseudobalistes flavimarginatus,0.419691469,150.7,-2.6,60,30.46326909,Unknown,Pseudobalistes_flavimarginatus,Morais_fishbase
Caesionidae,Caesio cuning,0.17118074,146.5,-17.7,35,26.70029861,Otolith rings,Caesio_cuning,Morais_fishbase
Carangidae,Carangoides chrysophrys,0.199091836,49,28,80.5,25.34827104,Otolith rings,Carangoides_chrysophrys,Morais_fishbase
Carangidae,Carangoides ferdau,0.36791447,47,13,70,28.41075251,Other rings,Carangoides_ferdau,Morais_fishbase
Carangidae,Caranx caballus,0.382905655,-104.2,18.9,62.4,28.40252058,Otolith rings,Caranx_caballus,Morais_fishbase
Carangidae,Caranx crysos,0.106482614,-92,29,70,23.93674458,Unknown,Caranx_crysos,Morais_fishbase
Carangidae,Caranx ignobilis,0.087092408,47,13,170,28.41075251,Other rings,Caranx_ignobilis,Morais_fishbase
Carangidae,Caranx ignobilis,0.242562875,-177.4,28.2,170,23.64224559,Otolith rings,Caranx_ignobilis,Morais_fishbase
Carangidae,Caranx lugubris,0.101904372,-44,-1,100,27.71449787,Unknown,Caranx_lugubris,Morais_fishbase
Carangidae,Caranx lugubris,0.131135893,152.6,-3,100,30.31073564,Otolith rings,Caranx_lugubris,Morais_fishbase
Carangidae,Caranx melampygus,0.152364828,-177.4,28.2,126.9,23.64224559,Otolith rings,Caranx_melampygus,Morais_fishbase
Carangidae,Caranx melampygus,0.152273054,-159.5,22.21,126.9,25.40103981,Unknown,Caranx_melampygus,Morais_fishbase
Carangidae,Caranx ruber,0.158863854,-82.4,22.4,67,27.97445834,Other rings,Caranx_ruber,Morais_fishbase
Carangidae,Caranx sexfasciatus,0.113833047,150.7,-2.6,120,30.46326909,Unknown,Caranx_sexfasciatus,Morais_fishbase
Carangidae,Caranx tille,0.225226742,152.6,-3,80,30.31073564,Otolith rings,Caranx_tille,Morais_fishbase
Carangidae,Chloroscombrus chrysurus,0.12858941,3.5,6.3,65,27.97785198,Unknown,Chloroscombrus_chrysurus,Morais_fishbase
Carangidae,Chloroscombrus chrysurus,0.097382842,-43.1,-23.7,65,24.18924267,Unknown,Chloroscombrus_chrysurus,Morais_fishbase
Carangidae,Decapterus macarellus,0.156916892,119.5,24,40.5,24.66926915,Unknown,Decapterus_macarellus,Morais_fishbase
Carangidae,Gnathanodon speciosus,0.142613016,47,13,120,28.41075251,Other rings,Gnathanodon_speciosus,Morais_fishbase
Carangidae,Megalaspis cordyla,0.214765798,143.65,-3.55,80,29.88846318,Unknown,Megalaspis_cordyla,Morais_fishbase
Carangidae,Pseudocaranx dentex,0.026219747,177,-37.5,122,17.89225231,Otolith rings,Pseudocaranx_dentex,Morais_fishbase
Carangidae,Pseudocaranx dentex,0.019602896,176,-36.5,122,17.92278137,Otolith rings,Pseudocaranx_dentex,Morais_fishbase
Carangidae,Scomberoides lysan,0.148476858,150.7,-2.6,110,30.46326909,Unknown,Scomberoides_lysan,Morais_fishbase
Carangidae,Selar crumenophthalmus,0.943015296,145.5,14.5,30,28.82974796,Otolith rings,Selar_crumenophthalmus,Morais_fishbase
Carangidae,Selar crumenophthalmus,1.631363112,123.5,7,30,29.94800233,Otolith rings,Selar_crumenophthalmus,Morais_fishbase
Carangidae,Selar crumenophthalmus,1.898789396,121,10.5,30,29.1980006,Otolith rings,Selar_crumenophthalmus,Morais_fishbase
Carangidae,Selar crumenophthalmus,1.934066973,124.4,10.8,30,29.85098583,Otolith rings,Selar_crumenophthalmus,Morais_fishbase
Carangidae,Selar crumenophthalmus,1.898192877,122.8,10.7,30,29.30653573,Otolith rings,Selar_crumenophthalmus,Morais_fishbase
Carangidae,Selar crumenophthalmus,0.295656035,119.5,24,30,24.66926915,Unknown,Selar_crumenophthalmus,Morais_fishbase
Carangidae,Selaroides leptolepis,0.900223527,100.4,13,22,29.67465158,Unknown,Selaroides_leptolepis,Morais_fishbase
Carangidae,Selaroides leptolepis,1.162593673,98.2,7.8,22,29.86254307,Unknown,Selaroides_leptolepis,Morais_fishbase
Carangidae,Seriola dumerili,0.23892633,-177.4,28.2,190,23.64224559,Unknown,Seriola_dumerili,Morais_fishbase
Carangidae,Seriola dumerili,0.092455949,-88,30.1,190,23.54074463,Otolith rings,Seriola_dumerili,Morais_fishbase
Carangidae,Seriola dumerili,0.160322783,-92,29,190,23.93674458,Unknown,Seriola_dumerili,Morais_fishbase
Carangidae,Seriola dumerili,0.16397165,-80.8,24.9,190,27.06079248,Scale rings,Seriola_dumerili,Morais_fishbase
Carangidae,Seriola dumerili,0.162929658,-92,29,190,23.93674458,Otolith rings,Seriola_dumerili,Morais_fishbase
Carangidae,Seriola dumerili,0.157362661,18.44,42.44,190,19.10701569,Scale rings,Seriola_dumerili,Morais_fishbase
Carangidae,Seriola lalandi,0.069337121,-118,33,200,17.8515,Scale rings,Seriola_lalandi,Morais_fishbase
Carangidae,Seriola lalandi,0.085154082,152,-33,200,20.78727702,Unknown,Seriola_lalandi,Morais_fishbase
Carangidae,Seriola lalandi,0.051075456,-122,36,200,13.61124221,Unknown,Seriola_lalandi,Morais_fishbase
Centropomidae,Centropomus undecimalis,0.147241566,-82,26,140,25.67899917,Otolith rings,Centropomus_undecimalis,Morais_fishbase
Chaetodontidae,Chaetodon baronessa,0.414701614,145.4,-14.7,16,26.86426235,Otolith rings,Chaetodon_baronessa,Morais_fishbase
Chaetodontidae,Chaetodon citrinellus,0.958234516,145.4,-14.7,13,26.86426235,Otolith rings,Chaetodon_citrinellus,Morais_fishbase
Chaetodontidae,Chaetodon lunulatus,1.048600283,145.4,-14.7,14,26.86426235,Otolith rings,Chaetodon_lunulatus,Morais_fishbase
Chaetodontidae,Chaetodon miliaris,1.073290088,-157.78,21.44,15.4,25.51690745,Otolith rings,Chaetodon_miliaris,Morais_fishbase
Chaetodontidae,Chaetodon trifascialis,0.233243382,145.4,-14.7,18,26.86426235,Otolith rings,Chaetodon_trifascialis,Morais_fishbase
Cirrhitidae,Paracirrhites arcatus,0.169163105,-157.5,2,14,27.88374093,Otolith rings,Paracirrhites_arcatus,Morais_fishbase
Cirrhitidae,Paracirrhites arcatus,0.219323123,-162.15,5.88,14,28.44501644,Otolith rings,Paracirrhites_arcatus,Morais_fishbase
Ephippidae,Chaetodipterus faber,0.083521233,-79.5,32.7,91,21.92484577,Otolith rings,Chaetodipterus_faber,Morais_fishbase
Epinephelidae,Cephalopholis boenak,0.146339963,114.2,22.2,30,24.94649168,Otolith rings,Cephalopholis_boenak,Morais_fishbase
Epinephelidae,Cephalopholis fulva,0.060724961,-64.69,18.33,45,27.87900795,Mark-recapture,Cephalopholis_fulva,Morais_fishbase
Epinephelidae,Cephalopholis fulva,0.062128779,-38.5,-18.5,45,26.11874864,Otolith rings,Cephalopholis_fulva,Morais_fishbase
Epinephelidae,Cephalopholis fulva,0.067768796,-64.8,32.35,45,22.99665027,Otolith rings,Cephalopholis_fulva,Morais_fishbase
Epinephelidae,Cephalopholis hemistiktos,0.103566476,48.2,29.3,35,24.83864372,Otolith rings,Cephalopholis_hemistiktos,Morais_fishbase
Epinephelidae,Cephalopholis panamensis,0.182801929,-105.4,20.6,31,27.43633876,Otolith rings,Cephalopholis_panamensis,Morais_fishbase
Epinephelidae,Cephalopholis sexmaculata,0.15497211,152.6,-3,50,30.31073564,Otolith rings,Cephalopholis_sexmaculata,Morais_fishbase
Epinephelidae,Cephalopholis taeniops,0.074153091,-24.83,16.8,70,23.90208142,Otolith rings,Cephalopholis_taeniops,Morais_fishbase
Epinephelidae,Cephalopholis urodeta,0.480309818,152.6,-3,28,30.31073564,Otolith rings,Cephalopholis_urodeta,Morais_fishbase
Epinephelidae,Cromileptes altivelis,0.232689456,143,-10.5,70,27.63750511,Otolith rings,Cromileptes_altivelis,Morais_fishbase
Epinephelidae,Cromileptes altivelis,0.205091371,147.5,-18.5,70,26.55649216,Otolith rings,Cromileptes_altivelis,Morais_fishbase
Epinephelidae,Epinephelus adscensionis,0.068592066,-64.69,18.33,61,27.87900795,Mark-recapture,Epinephelus_adscensionis,Morais_fishbase
Epinephelidae,Epinephelus adscensionis,0.099770278,-80.8,31.4,61,22.1769875,Unknown,Epinephelus_adscensionis,Morais_fishbase
Epinephelidae,Epinephelus adscensionis,0.117851538,-83,27,61,25.01724489,Otolith rings,Epinephelus_adscensionis,Morais_fishbase
Epinephelidae,Epinephelus adscensionis,0.149833879,-14.4,-7.9,61,25.93844689,Otolith rings,Epinephelus_adscensionis,Morais_fishbase
Epinephelidae,Epinephelus adscensionis,0.152616987,-14.4,-7.9,61,25.93844689,Otolith rings,Epinephelus_adscensionis,Morais_fishbase
Epinephelidae,Epinephelus coioides,0.092602477,48.2,29.3,120,24.83864372,Otolith rings,Epinephelus_coioides,Morais_fishbase
Epinephelidae,Epinephelus coioides,0.087422513,54.3,24.6,120,27.90561866,Otolith rings,Epinephelus_coioides,Morais_fishbase
Epinephelidae,Epinephelus cyanopodus,0.079089788,166.4,-22.4,122,24.71902689,Otolith rings,Epinephelus_cyanopodus,Morais_fishbase
Epinephelidae,Epinephelus fuscoguttatus,0.10434953,150.7,-2.6,120,30.46326909,Unknown,Epinephelus_fuscoguttatus,Morais_fishbase
Epinephelidae,Epinephelus fuscoguttatus,0.10291721,150.7,-2.6,120,30.46326909,Unknown,Epinephelus_fuscoguttatus,Morais_fishbase
Epinephelidae,Epinephelus fuscoguttatus,0.064074259,150,-20,120,25.71651982,Otolith rings,Epinephelus_fuscoguttatus,Morais_fishbase
Epinephelidae,Epinephelus guttatus,0.060670445,-64.69,18.33,76,27.87900795,Mark-recapture,Epinephelus_guttatus,Morais_fishbase
Epinephelidae,Epinephelus guttatus,0.074894872,-64.8,32.35,76,22.99665027,Otolith rings,Epinephelus_guttatus,Morais_fishbase
Epinephelidae,Epinephelus guttatus,0.066117144,-80.8,31.4,76,22.1769875,Unknown,Epinephelus_guttatus,Morais_fishbase
Epinephelidae,Epinephelus itajara,0.076191601,-83,27,250,25.01724489,Otolith rings,Epinephelus_itajara,Morais_fishbase
Epinephelidae,Epinephelus labriformis,0.077430731,-104.2,18.9,60,28.40252058,Scale rings,Epinephelus_labriformis,Morais_fishbase
Epinephelidae,Epinephelus labriformis,0.072024639,-105.4,20.6,60,27.43633876,Otolith rings,Epinephelus_labriformis,Morais_fishbase
Epinephelidae,Epinephelus labriformis,0.075578354,-90.6,-1,60,23.26294817,Otolith rings,Epinephelus_labriformis,Morais_fishbase
Epinephelidae,Epinephelus maculatus,0.180791458,166.4,-22.4,60.5,24.71902689,Otolith rings,Epinephelus_maculatus,Morais_fishbase
Epinephelidae,Epinephelus maculatus,0.165140891,151.8,7.45,60.5,29.45609608,Otolith rings,Epinephelus_maculatus,Morais_fishbase
Epinephelidae,Epinephelus merra,0.767027483,150.7,-2.6,31,30.46326909,Unknown,Epinephelus_merra,Morais_fishbase
Epinephelidae,Epinephelus merra,0.131072028,166.4,-22.4,31,24.71902689,Otolith rings,Epinephelus_merra,Morais_fishbase
Epinephelidae,Epinephelus morio,0.057398709,-90,22,125,26.62325124,Otolith rings,Epinephelus_morio,Morais_fishbase
Epinephelidae,Epinephelus morio,0.057532723,-90,22,125,26.62325124,Otolith rings,Epinephelus_morio,Morais_fishbase
Epinephelidae,Epinephelus morio,0.051539987,-90,22,125,26.62325124,Otolith rings,Epinephelus_morio,Morais_fishbase
Epinephelidae,Epinephelus morio,0.04245985,-90,22,125,26.62325124,Other rings,Epinephelus_morio,Morais_fishbase
Epinephelidae,Epinephelus morio,0.043733599,-90,22,125,26.62325124,Other rings,Epinephelus_morio,Morais_fishbase
Epinephelidae,Epinephelus morio,0.05663846,-90,22,125,26.62325124,Other rings,Epinephelus_morio,Morais_fishbase
Epinephelidae,Epinephelus morio,0.056610898,-90,22,125,26.62325124,Otolith rings,Epinephelus_morio,Morais_fishbase
Epinephelidae,Epinephelus morio,0.061858926,-90,22,125,26.62325124,Unknown,Epinephelus_morio,Morais_fishbase
Epinephelidae,Epinephelus morio,0.055018806,-90,22,125,26.62325124,Other rings,Epinephelus_morio,Morais_fishbase
Epinephelidae,Epinephelus morio,0.062041246,-83,27.9,125,24.26869624,Otolith rings,Epinephelus_morio,Morais_fishbase
Epinephelidae,Epinephelus morio,0.079971064,-83,27.9,125,24.26869624,Otolith rings,Epinephelus_morio,Morais_fishbase
Epinephelidae,Epinephelus morio,0.07925669,-80.5,28.5,125,24.67898748,Unknown,Epinephelus_morio,Morais_fishbase
Epinephelidae,Epinephelus multinotatus,0.131106034,48.2,29.3,100,24.83864372,Otolith rings,Epinephelus_multinotatus,Morais_fishbase
Epinephelidae,Epinephelus multinotatus,0.074502058,46.3,-9.42,100,27.79349011,Otolith rings,Epinephelus_multinotatus,Morais_fishbase
Epinephelidae,Epinephelus ongus,0.615341787,150.7,-2.6,40,30.46326909,Unknown,Epinephelus_ongus,Morais_fishbase
Epinephelidae,Epinephelus polyphekadion,0.028632776,158.16,6.77,113.7,29.65007064,Otolith rings,Epinephelus_polyphekadion,Morais_fishbase
Epinephelidae,Epinephelus polyphekadion,0.037585018,46.3,-9.42,113.7,27.79349011,Otolith rings,Epinephelus_polyphekadion,Morais_fishbase
Epinephelidae,Epinephelus rivulatus,0.362374015,166.4,-22.4,39,24.71902689,Otolith rings,Epinephelus_rivulatus,Morais_fishbase
Epinephelidae,Epinephelus rivulatus,0.285601908,113.95,-21.93,39,25.66910135,Otolith rings,Epinephelus_rivulatus,Morais_fishbase
Epinephelidae,Epinephelus striatus,0.044524291,-77.3,17.7,122,28.48861941,Mark-recapture,Epinephelus_striatus,Morais_fishbase
Epinephelidae,Epinephelus striatus,0.040147856,-78.6,22.6,122,27.39316383,Otolith rings,Epinephelus_striatus,Morais_fishbase
Epinephelidae,Epinephelus striatus,0.05310506,-82.36,23.17,122,27.78804973,Unknown,Epinephelus_striatus,Morais_fishbase
Epinephelidae,Epinephelus striatus,0.03282433,-79,21.2,122,28.18365229,Otolith rings,Epinephelus_striatus,Morais_fishbase
Epinephelidae,Epinephelus tauvina,0.274748229,48.2,29.3,75,24.83864372,Otolith rings,Epinephelus_tauvina,Morais_fishbase
Epinephelidae,Epinephelus tauvina,0.247022125,48.2,29.3,75,24.83864372,Otolith rings,Epinephelus_tauvina,Morais_fishbase
Epinephelidae,Epinephelus tauvina,0.267437177,48.2,29.3,75,24.83864372,Otolith rings,Epinephelus_tauvina,Morais_fishbase
Epinephelidae,Epinephelus tukula,0.035984909,46.3,-9.42,200,27.79349011,Otolith rings,Epinephelus_tukula,Morais_fishbase
Epinephelidae,Hyporthodus niveatus,0.107992794,-81.6,24.7,122,27.14053914,Otolith rings,Hyporthodus_niveatus,Morais_fishbase
Epinephelidae,Hyporthodus niveatus,0.079734205,-77,33.5,122,24.78199518,Otolith rings,Hyporthodus_niveatus,Morais_fishbase
Epinephelidae,Hyporthodus niveatus,0.068064244,-79,32.8,122,22.68189681,Otolith rings,Hyporthodus_niveatus,Morais_fishbase
Epinephelidae,Hyporthodus niveatus,0.097638617,-79,32.8,122,22.68189681,Otolith rings,Hyporthodus_niveatus,Morais_fishbase
Epinephelidae,Hyporthodus niveatus,0.108558237,-43.1,-23.7,122,24.18924267,Scale rings,Hyporthodus_niveatus,Morais_fishbase
Epinephelidae,Mycteroperca bonaci,0.09532065,-80.8,24.9,150,27.06079248,Otolith rings,Mycteroperca_bonaci,Morais_fishbase
Epinephelidae,Mycteroperca bonaci,0.123413488,-80.5,28.5,150,24.67898748,Unknown,Mycteroperca_bonaci,Morais_fishbase
Epinephelidae,Mycteroperca interstitialis,0.05925167,-61,11,84,28.20000125,Otolith rings,Mycteroperca_interstitialis,Morais_fishbase
Epinephelidae,Mycteroperca microlepis,0.086343959,-82.65,27.75,145,24.85885756,Otolith rings,Mycteroperca_microlepis,Morais_fishbase
Epinephelidae,Mycteroperca microlepis,0.109603184,-83,27.9,145,24.26869624,Otolith rings,Mycteroperca_microlepis,Morais_fishbase
Epinephelidae,Mycteroperca microlepis,0.093086628,-77,33.5,145,24.78199518,Otolith rings,Mycteroperca_microlepis,Morais_fishbase
Epinephelidae,Mycteroperca microlepis,0.105091178,-83,27,145,25.01724489,Unknown,Mycteroperca_microlepis,Morais_fishbase
Epinephelidae,Mycteroperca olfax,0.099976949,-90.6,-1,120,23.26294817,Otolith rings,Mycteroperca_olfax,Morais_fishbase
Epinephelidae,Mycteroperca phenax,0.065662289,-83,27.9,107,24.26869624,Otolith rings,Mycteroperca_phenax,Morais_fishbase
Epinephelidae,Mycteroperca phenax,0.084774138,-77,33.5,107,24.78199518,Otolith rings,Mycteroperca_phenax,Morais_fishbase
Epinephelidae,Mycteroperca rosacea,0.15704907,-110.1,24.4,86,25.35119935,Otolith rings,Mycteroperca_rosacea,Morais_fishbase
Epinephelidae,Mycteroperca tigris,0.053310752,-79,21.2,101,28.18365229,Otolith rings,Mycteroperca_tigris,Morais_fishbase
Epinephelidae,Mycteroperca venenosa,0.119788893,-77.3,17.7,100,28.48861941,Otolith rings,Mycteroperca_venenosa,Morais_fishbase
Epinephelidae,Mycteroperca venenosa,0.066477902,-64.69,18.33,100,27.87900795,Mark-recapture,Mycteroperca_venenosa,Morais_fishbase
Epinephelidae,Mycteroperca venenosa,0.108988092,-80.5,28.5,100,24.67898748,Otolith rings,Mycteroperca_venenosa,Morais_fishbase
Epinephelidae,Paranthias furcifer,0.241032084,-92,29,40.9,23.93674458,Scale rings,Paranthias_furcifer,Morais_fishbase
Epinephelidae,Plectropomus areolatus,0.171932264,158.13,6.8,80,29.83614024,Otolith rings,Plectropomus_areolatus,Morais_fishbase
Epinephelidae,Plectropomus laevis,0.127768563,46.3,-9.42,125,27.79349011,Otolith rings,Plectropomus_laevis,Morais_fishbase
Epinephelidae,Plectropomus leopardus,0.043490376,147.5,-18.5,149.4,26.55649216,Otolith rings,Plectropomus_leopardus,Morais_fishbase
Epinephelidae,Plectropomus leopardus,0.020698866,166.4,-22.4,149.4,24.71902689,Otolith rings,Plectropomus_leopardus,Morais_fishbase
Epinephelidae,Plectropomus leopardus,0.032592229,145.4,-14.7,149.4,26.86426235,Otolith rings,Plectropomus_leopardus,Morais_fishbase
Epinephelidae,Plectropomus leopardus,0.023277559,147.5,-18.5,149.4,26.55649216,Mark-recapture,Plectropomus_leopardus,Morais_fishbase
Epinephelidae,Plectropomus maculatus,0.059179412,146.5,-18.5,119.9,26.55724718,Otolith rings,Plectropomus_maculatus,Morais_fishbase
Epinephelidae,Variola louti,0.137775996,150.7,-2.6,83,30.46326909,Unknown,Variola_louti,Morais_fishbase
Epinephelidae,Variola louti,0.217277343,46.3,-9.42,83,27.79349011,Otolith rings,Variola_louti,Morais_fishbase
Gobiidae,Amblygobius bynoensis,2.213189133,146.48,-18.6,9.8,26.56020845,Otolith rings,Amblygobius_bynoensis,Morais_fishbase
Gobiidae,Amblygobius phalaena,2.229758937,146.48,-18.6,10.5,26.56020845,Otolith rings,Amblygobius_phalaena,Morais_fishbase
Gobiidae,Asterropteryx semipunctata,2.095216242,146.48,-18.6,5.6,26.56020845,Otolith rings,Asterropteryx_semipunctata,Morais_fishbase
Gobiidae,Eviota sigillata,16.43322054,145.4,-14.7,1.9,26.86426235,Otolith rings,Eviota_sigillata,Morais_fishbase
Gobiidae,Istigobius goldmanni,2.243852704,146.48,-18.6,6.4,26.56020845,Otolith rings,Istigobius_goldmanni,Morais_fishbase
Gobiidae,Valenciennea muralis,2.082795858,146.48,-18.6,11.6,26.56020845,Otolith rings,Valenciennea_muralis,Morais_fishbase
Haemulidae,Diagramma pictum,0.087624901,54.3,24.6,105.5,27.90561866,Otolith rings,Diagramma_pictum,Morais_fishbase
Haemulidae,Diagramma pictum,0.098135485,47,13,105.5,28.41075251,Other rings,Diagramma_pictum,Morais_fishbase
Haemulidae,Diagramma pictum,0.082230443,166.4,-22.4,105.5,24.71902689,Otolith rings,Diagramma_pictum,Morais_fishbase
Haemulidae,Diagramma pictum,0.063395766,166.4,-22.4,105.5,24.71902689,Otolith rings,Diagramma_pictum,Morais_fishbase
Haemulidae,Diagramma pictum,0.078489877,166.4,-22.4,105.5,24.71902689,Otolith rings,Diagramma_pictum,Morais_fishbase
Haemulidae,Diagramma pictum,0.138384993,166.4,-22.4,105.5,24.71902689,Otolith rings,Diagramma_pictum,Morais_fishbase
Haemulidae,Haemulon album,0.217028895,-79,21.2,79,28.18365229,Otolith rings,Haemulon_album,Morais_fishbase
Haemulidae,Haemulon album,0.156922703,-82.36,23.17,79,27.78804973,Unknown,Haemulon_album,Morais_fishbase
Haemulidae,Haemulon aurolineatum,0.358916521,-77,33.5,25,24.78199518,Scale rings,Haemulon_aurolineatum,Morais_fishbase
Haemulidae,Haemulon aurolineatum,0.289515106,-77.3,17.7,25,28.48861941,Unknown,Haemulon_aurolineatum,Morais_fishbase
Haemulidae,Haemulon aurolineatum,0.327905057,-90,22,25,26.62325124,Scale rings,Haemulon_aurolineatum,Morais_fishbase
Haemulidae,Haemulon aurolineatum,0.290734025,-87,22,25,26.78326596,Scale rings,Haemulon_aurolineatum,Morais_fishbase
Haemulidae,Haemulon aurolineatum,0.409411954,-37.7,-4,25,27.74894591,Scale rings,Haemulon_aurolineatum,Morais_fishbase
Haemulidae,Haemulon aurolineatum,0.216325631,-34.7,-8.1,25,27.55513782,Otolith rings,Haemulon_aurolineatum,Morais_fishbase
Haemulidae,Haemulon melanurum,0.446752029,-92,29,33,23.93674458,Scale rings,Haemulon_melanurum,Morais_fishbase
Haemulidae,Haemulon parra,0.246537075,-79,21.2,41.2,28.18365229,Otolith rings,Haemulon_parra,Morais_fishbase
Haemulidae,Haemulon plumierii,0.168707028,-77,33.5,53,24.78199518,Scale rings,Haemulon_plumierii,Morais_fishbase
Haemulidae,Haemulon plumierii,0.102270733,-65.7,18.1,53,27.97209653,Unknown,Haemulon_plumierii,Morais_fishbase
Haemulidae,Haemulon plumierii,0.106416026,-78.6,22.6,53,27.39316383,Unknown,Haemulon_plumierii,Morais_fishbase
Haemulidae,Haemulon plumierii,0.101874488,-79,21.2,53,28.18365229,Otolith rings,Haemulon_plumierii,Morais_fishbase
Haemulidae,Haemulon plumierii,0.337690817,-90,22,53,26.62325124,Unknown,Haemulon_plumierii,Morais_fishbase
Haemulidae,Haemulon sciurus,0.119669427,-79,21.2,46,28.18365229,Otolith rings,Haemulon_sciurus,Morais_fishbase
Haemulidae,Haemulon sciurus,0.198892905,-65.7,18.1,46,27.97209653,Unknown,Haemulon_sciurus,Morais_fishbase
Haemulidae,Plectorhinchus picus,0.178559881,47,13,84,28.41075251,Scale rings,Plectorhinchus_picus,Morais_fishbase
Haemulidae,Plectorhinchus sordidus,0.190932811,54.3,24.6,60,27.90561866,Otolith rings,Plectorhinchus_sordidus,Morais_fishbase
Haemulidae,Pomadasys incisus,0.078275237,-15.3,28,50,20.91479733,Otolith rings,Pomadasys_incisus,Morais_fishbase
Haemulidae,Pomadasys incisus,0.037263447,10.5,37,50,19.86274992,Otolith rings,Pomadasys_incisus,Morais_fishbase
Hemiramphidae,Hemiramphus brasiliensis,0.206357604,-80.1,25.7,55,26.76543171,Scale rings,Hemiramphus_brasiliensis,Morais_fishbase
Holocentridae,Holocentrus adscensionis,0.283654295,-64.69,18.33,61,27.87900795,Mark-recapture,Holocentrus_adscensionis,Morais_fishbase
Holocentridae,Holocentrus rufus,0.628721369,-77.3,17.7,35,28.48861941,Mark-recapture,Holocentrus_rufus,Morais_fishbase
Holocentridae,Myripristis amaena,0.102746014,-169.5,16.7,34,26.76565034,Otolith rings,Myripristis_amaena,Morais_fishbase
Holocentridae,Sargocentron diadema,1.09900396,34.93,29.5,17,24.2409014,Unknown,Sargocentron_diadema,Morais_fishbase
Holocentridae,Sargocentron diadema,1.156647966,-158,21.2,17,25.81119856,Otolith rings,Sargocentron_diadema,Morais_fishbase
Labridae,Halichoeres radiatus,0.447448867,-64.69,18.33,51,27.87900795,Unknown,Halichoeres_radiatus,Morais_fishbase
Labridae,Lachnolaimus maximus,0.094743911,-79,21.2,91,28.18365229,Other rings,Lachnolaimus_maximus,Morais_fishbase
Labridae,Lachnolaimus maximus,0.068398067,-81.6,24.7,91,27.14053914,Otolith rings,Lachnolaimus_maximus,Morais_fishbase
Labridae,Lachnolaimus maximus,0.029493007,-82.1,24.6,91,26.54785591,Otolith rings,Lachnolaimus_maximus,Morais_fishbase
Labridae,Lachnolaimus maximus,0.054570903,-80.8,24.9,91,27.06079248,Otolith rings,Lachnolaimus_maximus,Morais_fishbase
Labridae,Lachnolaimus maximus,0.061629262,-82.88,24.63,91,26.41179015,Otolith rings,Lachnolaimus_maximus,Morais_fishbase
Labridae,Lachnolaimus maximus,0.093703292,-83,27,91,25.01724489,Otolith rings,Lachnolaimus_maximus,Morais_fishbase
Lethrinidae,Gymnocranius audleyi,0.308882151,147,-18.5,40,26.53273801,Otolith rings,Gymnocranius_audleyi,Morais_fishbase
Lethrinidae,Gymnocranius euanus,0.23659536,166.4,-22.4,45,24.71902689,Otolith rings,Gymnocranius_euanus,Morais_fishbase
Lethrinidae,Lethrinus atkinsoni,0.167554085,166.4,-22.4,50,24.71902689,Otolith rings,Lethrinus_atkinsoni,Morais_fishbase
Lethrinidae,Lethrinus borbonicus,0.331732026,54.3,24.6,40,27.90561866,Otolith rings,Lethrinus_borbonicus,Morais_fishbase
Lethrinidae,Lethrinus erythracanthus,0.129033631,152.6,-3,70,30.31073564,Otolith rings,Lethrinus_erythracanthus,Morais_fishbase
Lethrinidae,Lethrinus genivittatus,0.449238348,166.4,-22.4,25,24.71902689,Otolith rings,Lethrinus_genivittatus,Morais_fishbase
Lethrinidae,Lethrinus harak,0.077816712,144.69,13.475,50,28.90352768,Otolith rings,Lethrinus_harak,Morais_fishbase
Lethrinidae,Lethrinus harak,0.072213799,144.76,13.49,50,29.00200163,Otolith rings,Lethrinus_harak,Morais_fishbase
Lethrinidae,Lethrinus harak,0.065887614,144.65,13.24,50,28.87173509,Otolith rings,Lethrinus_harak,Morais_fishbase
Lethrinidae,Lethrinus harak,0.091070426,144.762,13.25,50,28.82940641,Otolith rings,Lethrinus_harak,Morais_fishbase
Lethrinidae,Lethrinus lentjan,0.294029108,54.3,24.6,52,27.90561866,Otolith rings,Lethrinus_lentjan,Morais_fishbase
Lethrinidae,Lethrinus lentjan,0.431014653,79.5,9,52,28.78501536,Otolith rings,Lethrinus_lentjan,Morais_fishbase
Lethrinidae,Lethrinus lentjan,0.167289753,42.6,16.5,52,29.90410804,Unknown,Lethrinus_lentjan,Morais_fishbase
Lethrinidae,Lethrinus lentjan,0.136770072,166.4,-22.4,52,24.71902689,Otolith rings,Lethrinus_lentjan,Morais_fishbase
Lethrinidae,Lethrinus lentjan,0.339539619,47,13,52,28.41075251,Scale rings,Lethrinus_lentjan,Morais_fishbase
Lethrinidae,Lethrinus lentjan,0.08652841,55.49,-4.61,52,28.7621535,Otolith rings,Lethrinus_lentjan,Morais_fishbase
Lethrinidae,Lethrinus lentjan,0.086371725,55.5,-4.5,52,28.51449454,Otolith rings,Lethrinus_lentjan,Morais_fishbase
Lethrinidae,Lethrinus microdon,0.106994833,54.3,24.6,80,27.90561866,Otolith rings,Lethrinus_microdon,Morais_fishbase
Lethrinidae,Lethrinus microdon,0.211479247,43.5,12,80,28.73548921,Unknown,Lethrinus_microdon,Morais_fishbase
Lethrinidae,Lethrinus miniatus,0.082403292,166.4,-22.4,90,24.71902689,Otolith rings,Lethrinus_miniatus,Morais_fishbase
Lethrinidae,Lethrinus miniatus,0.059333926,168,-29,90,21.31825593,Otolith rings,Lethrinus_miniatus,Morais_fishbase
Lethrinidae,Lethrinus miniatus,0.08643028,147.5,-18.5,90,26.55649216,Scale rings,Lethrinus_miniatus,Morais_fishbase
Lethrinidae,Lethrinus miniatus,0.071944843,152.9,-23.4,90,25.22470627,Otolith rings,Lethrinus_miniatus,Morais_fishbase
Lethrinidae,Lethrinus miniatus,0.11698858,147.5,-18.5,90,26.55649216,Unknown,Lethrinus_miniatus,Morais_fishbase
Lethrinidae,Lethrinus miniatus,0.135959188,147.5,-18.5,90,26.55649216,Unknown,Lethrinus_miniatus,Morais_fishbase
Lethrinidae,Lethrinus miniatus,0.130666042,147.5,-18.5,90,26.55649216,Unknown,Lethrinus_miniatus,Morais_fishbase
Lethrinidae,Lethrinus miniatus,0.101347139,147.5,-18.5,90,26.55649216,Unknown,Lethrinus_miniatus,Morais_fishbase
Lethrinidae,Lethrinus miniatus,0.075406793,150.3,-21.6,90,25.20319066,Unknown,Lethrinus_miniatus,Morais_fishbase
Lethrinidae,Lethrinus miniatus,0.070042546,150,-21,90,25.5322505,Unknown,Lethrinus_miniatus,Morais_fishbase
Lethrinidae,Lethrinus miniatus,0.049269378,150,-21,90,25.5322505,Unknown,Lethrinus_miniatus,Morais_fishbase
Lethrinidae,Lethrinus miniatus,0.108863578,147.5,-18.5,90,26.55649216,Otolith rings,Lethrinus_miniatus,Morais_fishbase
Lethrinidae,Lethrinus miniatus,0.107134473,150.1,-20.4,90,25.63348519,Otolith rings,Lethrinus_miniatus,Morais_fishbase
Lethrinidae,Lethrinus miniatus,0.090373678,151.2,-21.3,90,25.39657879,Otolith rings,Lethrinus_miniatus,Morais_fishbase
Lethrinidae,Lethrinus nebulosus,0.052169706,136,-10.5,87,28.33449715,Other rings,Lethrinus_nebulosus,Morais_fishbase
Lethrinidae,Lethrinus nebulosus,0.311803727,166.4,-22.4,87,24.71902689,Otolith rings,Lethrinus_nebulosus,Morais_fishbase
Lethrinidae,Lethrinus nebulosus,0.107727243,166.4,-22.4,87,24.71902689,Otolith rings,Lethrinus_nebulosus,Morais_fishbase
Lethrinidae,Lethrinus nebulosus,0.06929374,54.3,24.6,87,27.90561866,Otolith rings,Lethrinus_nebulosus,Morais_fishbase
Lethrinidae,Lethrinus nebulosus,0.152067832,147.5,-18.5,87,26.55649216,Otolith rings,Lethrinus_nebulosus,Morais_fishbase
Lethrinidae,Lethrinus nebulosus,0.10716299,33,28.9,87,22.44362042,Unknown,Lethrinus_nebulosus,Morais_fishbase
Lethrinidae,Lethrinus nebulosus,0.105226738,47,13,87,28.41075251,Other rings,Lethrinus_nebulosus,Morais_fishbase
Lethrinidae,Lethrinus nebulosus,0.158080547,47,13,87,28.41075251,Scale rings,Lethrinus_nebulosus,Morais_fishbase
Lethrinidae,Lethrinus nebulosus,0.11474006,47,13,87,28.41075251,Scale rings,Lethrinus_nebulosus,Morais_fishbase
Lethrinidae,Lethrinus nebulosus,0.090623441,48.2,29.3,87,24.83864372,Unknown,Lethrinus_nebulosus,Morais_fishbase
Lethrinidae,Lethrinus nebulosus,0.090623441,48.2,29.3,87,24.83864372,Otolith rings,Lethrinus_nebulosus,Morais_fishbase
Lethrinidae,Lethrinus nebulosus,0.192178474,177.4,-17.6,87,28.80916925,Unknown,Lethrinus_nebulosus,Morais_fishbase
Lethrinidae,Lethrinus nebulosus,0.079648596,166.4,-22.4,87,24.71902689,Otolith rings,Lethrinus_nebulosus,Morais_fishbase
Lethrinidae,Lethrinus nebulosus,0.24052307,178.7,-17.9,87,27.61642567,Otolith rings,Lethrinus_nebulosus,Morais_fishbase
Lethrinidae,Lethrinus nebulosus,0.187580322,119.5,24,87,24.66926915,Unknown,Lethrinus_nebulosus,Morais_fishbase
Lethrinidae,Lethrinus obsoletus,0.08963725,145.7,15.25,60,28.69369987,Otolith rings,Lethrinus_obsoletus,Morais_fishbase
Lethrinidae,Lethrinus olivaceus,0.155996517,150.7,-2.6,100,30.46326909,Scale rings,Lethrinus_olivaceus,Morais_fishbase
Lethrinidae,Lethrinus olivaceus,0.13683833,42.5,15,100,29.01699532,Unknown,Lethrinus_olivaceus,Morais_fishbase
Lethrinidae,Lethrinus olivaceus,0.196311749,-149.9,-17.47,100,28.24027271,Otolith rings,Lethrinus_olivaceus,Morais_fishbase
Lethrinidae,Lethrinus olivaceus,0.082320808,47,13,100,28.41075251,Scale rings,Lethrinus_olivaceus,Morais_fishbase
Lethrinidae,Lethrinus rubrioperculatus,0.09122039,145.5,14.5,50,28.82974796,Otolith rings,Lethrinus_rubrioperculatus,Morais_fishbase
Lutjanidae,Aprion virescens,0.155174975,166.4,-22.4,112,24.71902689,Otolith rings,Aprion_virescens,Morais_fishbase
Lutjanidae,Aprion virescens,0.204637027,55.5,-4.5,112,28.51449454,Unknown,Aprion_virescens,Morais_fishbase
Lutjanidae,Aprion virescens,0.078662634,55.5,-4.5,112,28.51449454,Otolith rings,Aprion_virescens,Morais_fishbase
Lutjanidae,Lutjanus alexandrei,0.103078761,-34.8,-8.25,45,27.65323366,Otolith rings,Lutjanus_alexandrei,Morais_fishbase
Lutjanidae,Lutjanus analis,0.193163687,-82.36,23.17,94,27.78804973,Otolith rings,Lutjanus_analis,Morais_fishbase
Lutjanidae,Lutjanus analis,0.112249079,-78.6,22.6,94,27.39316383,Otolith rings,Lutjanus_analis,Morais_fishbase
Lutjanidae,Lutjanus analis,0.125136042,-80.5,28.5,94,24.67898748,Otolith rings,Lutjanus_analis,Morais_fishbase
Lutjanidae,Lutjanus analis,0.15676168,-82.36,23.17,94,27.78804973,Otolith rings,Lutjanus_analis,Morais_fishbase
Lutjanidae,Lutjanus analis,0.200143033,-82.36,23.17,94,27.78804973,Otolith rings,Lutjanus_analis,Morais_fishbase
Lutjanidae,Lutjanus analis,0.260185943,-82.36,23.17,94,27.78804973,Otolith rings,Lutjanus_analis,Morais_fishbase
Lutjanidae,Lutjanus analis,0.209025298,-67,10.7,94,27.13249719,Other rings,Lutjanus_analis,Morais_fishbase
Lutjanidae,Lutjanus analis,0.133976902,-80.5,28.5,94,24.67898748,Otolith rings,Lutjanus_analis,Morais_fishbase
Lutjanidae,Lutjanus analis,0.047046644,-34.6,-8,94,27.53399959,Otolith rings,Lutjanus_analis,Morais_fishbase
Lutjanidae,Lutjanus apodus,0.083155321,-64.69,18.33,67.2,27.87900795,Mark-recapture,Lutjanus_apodus,Morais_fishbase
Lutjanidae,Lutjanus argentimaculatus,0.047932833,152.6,-3,120,30.31073564,Otolith rings,Lutjanus_argentimaculatus,Morais_fishbase
Lutjanidae,Lutjanus bohar,0.04702511,166.4,-22.4,90,24.71902689,Otolith rings,Lutjanus_bohar,Morais_fishbase
Lutjanidae,Lutjanus bohar,0.244358593,150.7,-2.6,90,30.46326909,Unknown,Lutjanus_bohar,Morais_fishbase
Lutjanidae,Lutjanus bohar,0.132998554,39.7,-4.07,90,27.43391407,Scale rings,Lutjanus_bohar,Morais_fishbase
Lutjanidae,Lutjanus bohar,0.162553788,55.5,-4.5,90,28.51449454,Unknown,Lutjanus_bohar,Morais_fishbase
Lutjanidae,Lutjanus bohar,0.046493783,147.5,-18.5,90,26.55649216,Otolith rings,Lutjanus_bohar,Morais_fishbase
Lutjanidae,Lutjanus bohar,0.038910342,-162.15,5.88,90,28.44501644,Otolith rings,Lutjanus_bohar,Morais_fishbase
Lutjanidae,Lutjanus carponotatus,0.248515984,145.4,-14.7,40,26.86426235,Otolith rings,Lutjanus_carponotatus,Morais_fishbase
Lutjanidae,Lutjanus carponotatus,0.259601567,147.5,-18.5,40,26.55649216,Otolith rings,Lutjanus_carponotatus,Morais_fishbase
Lutjanidae,Lutjanus carponotatus,0.286912538,146.48,-18.6,40,26.56020845,Otolith rings,Lutjanus_carponotatus,Morais_fishbase
Lutjanidae,Lutjanus carponotatus,0.725388246,150.7,-2.6,40,30.46326909,Unknown,Lutjanus_carponotatus,Morais_fishbase
Lutjanidae,Lutjanus cyanopterus,0.045312433,-82.36,23.17,160,27.78804973,Unknown,Lutjanus_cyanopterus,Morais_fishbase
Lutjanidae,Lutjanus ehrenbergii,0.386966084,54.3,24.6,35,27.90561866,Otolith rings,Lutjanus_ehrenbergii,Morais_fishbase
Lutjanidae,Lutjanus erythropterus,0.212113493,145.8,-16.5,81.6,27.0046364,Otolith rings,Lutjanus_erythropterus,Morais_fishbase
Lutjanidae,Lutjanus erythropterus,0.161252951,136,-10.5,81.6,28.33449715,Other rings,Lutjanus_erythropterus,Morais_fishbase
Lutjanidae,Lutjanus erythropterus,0.184049502,147.5,-18.5,81.6,26.55649216,Otolith rings,Lutjanus_erythropterus,Morais_fishbase
Lutjanidae,Lutjanus fulviflamma,0.392723878,54.3,24.6,35,27.90561866,Otolith rings,Lutjanus_fulviflamma,Morais_fishbase
Lutjanidae,Lutjanus fulviflamma,0.193814773,166.4,-22.4,35,24.71902689,Otolith rings,Lutjanus_fulviflamma,Morais_fishbase
Lutjanidae,Lutjanus fulviflamma,0.098152164,39.8,-7.95,35,27.98662856,Otolith rings,Lutjanus_fulviflamma,Morais_fishbase
Lutjanidae,Lutjanus gibbus,0.277587513,150.7,-2.6,50,30.46326909,Unknown,Lutjanus_gibbus,Morais_fishbase
Lutjanidae,Lutjanus griseus,0.056064571,-80.9,25.1,89,28.03616397,Unknown,Lutjanus_griseus,Morais_fishbase
Lutjanidae,Lutjanus griseus,0.075635334,-76,21.3,89,27.46790091,Otolith rings,Lutjanus_griseus,Morais_fishbase
Lutjanidae,Lutjanus griseus,0.085273588,-82.36,23.17,89,27.78804973,Otolith rings,Lutjanus_griseus,Morais_fishbase
Lutjanidae,Lutjanus griseus,0.04581346,-79,21.2,89,28.18365229,Otolith rings,Lutjanus_griseus,Morais_fishbase
Lutjanidae,Lutjanus griseus,0.1,-80.5,28.5,89,24.67898748,Otolith rings,Lutjanus_griseus,Morais_fishbase
Lutjanidae,Lutjanus griseus,0.058319859,-80.8,24.9,89,27.06079248,Otolith rings,Lutjanus_griseus,Morais_fishbase
Lutjanidae,Lutjanus griseus,0.104128709,-81.2,30.3,89,22.88243962,Otolith rings,Lutjanus_griseus,Morais_fishbase
Lutjanidae,Lutjanus jocu,0.045369658,-78.6,22.6,128,27.39316383,Otolith rings,Lutjanus_jocu,Morais_fishbase
Lutjanidae,Lutjanus jocu,0.033041042,-34.6,-8,128,27.53399959,Otolith rings,Lutjanus_jocu,Morais_fishbase
Lutjanidae,Lutjanus johnii,0.11580458,93.1,13,97,29.06545927,Scale rings,Lutjanus_johnii,Morais_fishbase
Lutjanidae,Lutjanus johnii,0.194035607,114,-3.5,97,30.42377524,Unknown,Lutjanus_johnii,Morais_fishbase
Lutjanidae,Lutjanus kasmira,0.125173671,166.4,-22.4,40,24.71902689,Otolith rings,Lutjanus_kasmira,Morais_fishbase
Lutjanidae,Lutjanus kasmira,0.227953735,145.5,14.5,40,28.82974796,Otolith rings,Lutjanus_kasmira,Morais_fishbase
Lutjanidae,Lutjanus kasmira,0.205739417,-171.7,-13.8,40,29.31519687,Otolith rings,Lutjanus_kasmira,Morais_fishbase
Lutjanidae,Lutjanus kasmira,0.222714758,-171.7,-13.8,40,29.31519687,Otolith rings,Lutjanus_kasmira,Morais_fishbase
Lutjanidae,Lutjanus kasmira,0.18162441,-158,21.2,40,25.81119856,Unknown,Lutjanus_kasmira,Morais_fishbase
Lutjanidae,Lutjanus mahogoni,0.171389405,-80.5,28.5,48,24.67898748,Unknown,Lutjanus_mahogoni,Morais_fishbase
Lutjanidae,Lutjanus monostigma,0.198875815,150.7,-2.6,60,30.46326909,Unknown,Lutjanus_monostigma,Morais_fishbase
Lutjanidae,Lutjanus quinquelineatus,0.091173688,166.4,-22.4,38,24.71902689,Otolith rings,Lutjanus_quinquelineatus,Morais_fishbase
Lutjanidae,Lutjanus quinquelineatus,0.089232112,147.5,-18.5,38,26.55649216,Otolith rings,Lutjanus_quinquelineatus,Morais_fishbase
Lutjanidae,Lutjanus quinquelineatus,0.12349312,147.5,-18.5,38,26.55649216,Otolith rings,Lutjanus_quinquelineatus,Morais_fishbase
Lutjanidae,Lutjanus quinquelineatus,0.050782281,147.5,-18.5,38,26.55649216,Otolith rings,Lutjanus_quinquelineatus,Morais_fishbase
Lutjanidae,Lutjanus quinquelineatus,0.094574968,147.5,-18.5,38,26.55649216,Otolith rings,Lutjanus_quinquelineatus,Morais_fishbase
Lutjanidae,Lutjanus quinquelineatus,0.073521477,147.5,-18.5,38,26.55649216,Otolith rings,Lutjanus_quinquelineatus,Morais_fishbase
Lutjanidae,Lutjanus quinquelineatus,0.089885799,147.5,-18.5,38,26.55649216,Otolith rings,Lutjanus_quinquelineatus,Morais_fishbase
Lutjanidae,Lutjanus rivulatus,0.15815832,150.7,-2.6,80,30.46326909,Unknown,Lutjanus_rivulatus,Morais_fishbase
Lutjanidae,Lutjanus sebae,0.104836128,145.8,-16.5,121,27.0046364,Otolith rings,Lutjanus_sebae,Morais_fishbase
Lutjanidae,Lutjanus sebae,0.03833425,121,-18,121,28.36750329,Otolith rings,Lutjanus_sebae,Morais_fishbase
Lutjanidae,Lutjanus sebae,0.106015315,147.5,-18.5,121,26.55649216,Otolith rings,Lutjanus_sebae,Morais_fishbase
Lutjanidae,Lutjanus sebae,0.07814183,47,13,121,28.41075251,Scale rings,Lutjanus_sebae,Morais_fishbase
Lutjanidae,Lutjanus sebae,0.057775233,136,-10.5,121,28.33449715,Other rings,Lutjanus_sebae,Morais_fishbase
Lutjanidae,Lutjanus sebae,0.148933395,55.5,-4.5,121,28.51449454,Unknown,Lutjanus_sebae,Morais_fishbase
Lutjanidae,Lutjanus sebae,0.075758162,132,-10.5,121,28.89249818,Other rings,Lutjanus_sebae,Morais_fishbase
Lutjanidae,Lutjanus sebae,0.057489554,147.5,-18.5,121,26.55649216,Otolith rings,Lutjanus_sebae,Morais_fishbase
Lutjanidae,Lutjanus synagris,0.256482828,-61.3,10.9,60,27.52954056,Otolith rings,Lutjanus_synagris,Morais_fishbase
Lutjanidae,Lutjanus synagris,0.256040863,-61,11,60,28.20000125,Otolith rings,Lutjanus_synagris,Morais_fishbase
Lutjanidae,Lutjanus synagris,0.156464545,-37.7,-4,60,27.74894591,Otolith rings,Lutjanus_synagris,Morais_fishbase
Lutjanidae,Lutjanus synagris,0.064639338,-82.36,23.17,60,27.78804973,Otolith rings,Lutjanus_synagris,Morais_fishbase
Lutjanidae,Lutjanus synagris,0.137849568,-79,21.2,60,28.18365229,Otolith rings,Lutjanus_synagris,Morais_fishbase
Lutjanidae,Lutjanus synagris,0.088744556,-80.5,28.5,60,24.67898748,Otolith rings,Lutjanus_synagris,Morais_fishbase
Lutjanidae,Lutjanus synagris,0.095125997,-79,21.2,60,28.18365229,Otolith rings,Lutjanus_synagris,Morais_fishbase
Lutjanidae,Lutjanus synagris,0.066932708,-79,21.2,60,28.18365229,Otolith rings,Lutjanus_synagris,Morais_fishbase
Lutjanidae,Lutjanus synagris,0.073448547,-79,21.2,60,28.18365229,Otolith rings,Lutjanus_synagris,Morais_fishbase
Lutjanidae,Lutjanus synagris,0.166153482,-79,21.2,60,28.18365229,Unknown,Lutjanus_synagris,Morais_fishbase
Lutjanidae,Lutjanus synagris,0.159179658,-79,21.2,60,28.18365229,Otolith rings,Lutjanus_synagris,Morais_fishbase
Lutjanidae,Lutjanus synagris,0.14817742,-84.4,22.5,60,27.85690493,Otolith rings,Lutjanus_synagris,Morais_fishbase
Lutjanidae,Lutjanus synagris,0.156441507,-79,21.2,60,28.18365229,Otolith rings,Lutjanus_synagris,Morais_fishbase
Lutjanidae,Lutjanus synagris,0.148930176,-89.7,21.3,60,26.93516818,Unknown,Lutjanus_synagris,Morais_fishbase
Lutjanidae,Lutjanus synagris,0.119219432,-89.7,21.3,60,26.93516818,Scale rings,Lutjanus_synagris,Morais_fishbase
Lutjanidae,Lutjanus synagris,0.07172878,-89.7,21.3,60,26.93516818,Scale rings,Lutjanus_synagris,Morais_fishbase
Lutjanidae,Lutjanus synagris,0.091780808,-89.7,21.3,60,26.93516818,Scale rings,Lutjanus_synagris,Morais_fishbase
Lutjanidae,Lutjanus synagris,0.11753065,-64.8,32.35,60,22.99665027,Otolith rings,Lutjanus_synagris,Morais_fishbase
Lutjanidae,Lutjanus synagris,0.038776464,-38.5,-18.5,60,26.11874864,Otolith rings,Lutjanus_synagris,Morais_fishbase
Lutjanidae,Lutjanus synagris,0.044256465,-38.5,-18.5,60,26.11874864,Otolith rings,Lutjanus_synagris,Morais_fishbase
Lutjanidae,Lutjanus synagris,0.068346027,-34.6,-8,60,27.53399959,Otolith rings,Lutjanus_synagris,Morais_fishbase
Lutjanidae,Lutjanus vitta,0.272708529,136,-10.5,40,28.33449715,Other rings,Lutjanus_vitta,Morais_fishbase
Lutjanidae,Lutjanus vitta,0.315080912,147.5,-18.5,40,26.55649216,Otolith rings,Lutjanus_vitta,Morais_fishbase
Lutjanidae,Lutjanus vitta,0.168433009,166.4,-22.4,40,24.71902689,Otolith rings,Lutjanus_vitta,Morais_fishbase
Lutjanidae,Ocyurus chrysurus,0.057797565,-82.36,23.17,86.3,27.78804973,Otolith rings,Ocyurus_chrysurus,Morais_fishbase
Lutjanidae,Ocyurus chrysurus,0.055899206,-82.36,23.17,86.3,27.78804973,Other rings,Ocyurus_chrysurus,Morais_fishbase
Lutjanidae,Ocyurus chrysurus,0.109226815,-83.75,22.85,86.3,27.85339281,Otolith rings,Ocyurus_chrysurus,Morais_fishbase
Lutjanidae,Ocyurus chrysurus,0.118167943,-82.4,22.4,86.3,27.97445834,Otolith rings,Ocyurus_chrysurus,Morais_fishbase
Lutjanidae,Ocyurus chrysurus,0.082072054,-80.8,24.9,86.3,27.06079248,Otolith rings,Ocyurus_chrysurus,Morais_fishbase
Lutjanidae,Ocyurus chrysurus,0.052266242,-65.7,18.1,86.3,27.97209653,Otolith rings,Ocyurus_chrysurus,Morais_fishbase
Lutjanidae,Ocyurus chrysurus,0.093446292,-84.4,22.5,86.3,27.85690493,Other rings,Ocyurus_chrysurus,Morais_fishbase
Lutjanidae,Ocyurus chrysurus,0.077547132,-76,21.3,86.3,27.46790091,Otolith rings,Ocyurus_chrysurus,Morais_fishbase
Lutjanidae,Ocyurus chrysurus,0.047773747,-89.7,21.3,86.3,26.93516818,Scale rings,Ocyurus_chrysurus,Morais_fishbase
Lutjanidae,Ocyurus chrysurus,0.042474158,-89.7,21.3,86.3,26.93516818,Scale rings,Ocyurus_chrysurus,Morais_fishbase
Lutjanidae,Ocyurus chrysurus,0.064248251,-38.5,-18.5,86.3,26.11874864,Otolith rings,Ocyurus_chrysurus,Morais_fishbase
Lutjanidae,Ocyurus chrysurus,0.114831841,-34.7,-8.1,86.3,27.55513782,Otolith rings,Ocyurus_chrysurus,Morais_fishbase
Lutjanidae,Ocyurus chrysurus,0.038985166,-34.6,-8,86.3,27.53399959,Otolith rings,Ocyurus_chrysurus,Morais_fishbase
Lutjanidae,Symphorus nematophorus,0.124385643,150.7,-2.6,118.8,30.46326909,Unknown,Symphorus_nematophorus,Morais_fishbase
Megalopidae,Megalops atlanticus,0.05745367,-37.7,-4,320,27.74894591,Otolith rings,Megalops_atlanticus,Morais_fishbase
Megalopidae,Megalops atlanticus,0.041739176,-80.8,24.9,320,27.06079248,Otolith rings,Megalops_atlanticus,Morais_fishbase
Monacanthidae,Stephanolepis hispidus,0.356353968,-15.3,28,27.5,20.91479733,Other rings,Stephanolepis_hispidus,Morais_fishbase
Monacanthidae,Stephanolepis hispidus,0.359588536,-15.3,28,27.5,20.91479733,Other rings,Stephanolepis_hispidus,Morais_fishbase
Mugilidae,Mugil cephalus,0.044356977,176,-36,117.5,18.16900708,Unknown,Mugil_cephalus,Morais_fishbase
Mugilidae,Mugil cephalus,0.067949212,86.6,20,117.5,27.95754924,Scale rings,Mugil_cephalus,Morais_fishbase
Mugilidae,Mugil cephalus,0.024402439,-97.4,21.3,117.5,27.10269422,Otolith rings,Mugil_cephalus,Morais_fishbase
Mugilidae,Mugil cephalus,0.06125526,119.5,24,117.5,24.66926915,Unknown,Mugil_cephalus,Morais_fishbase
Mugilidae,Mugil cephalus,0.028028441,119.5,24,117.5,24.66926915,Unknown,Mugil_cephalus,Morais_fishbase
Mugilidae,Mugil cephalus,0.047947406,119.5,24,117.5,24.66926915,Unknown,Mugil_cephalus,Morais_fishbase
Mugilidae,Mugil cephalus,0.061678468,-85.1,25.6,117.5,26.97070339,Unknown,Mugil_cephalus,Morais_fishbase
Mugilidae,Mugil cephalus,0.051156336,-85.1,25.6,117.5,26.97070339,Unknown,Mugil_cephalus,Morais_fishbase
Mugilidae,Mugil cephalus,0.032303447,-95,29,117.5,23.39824594,Scale rings,Mugil_cephalus,Morais_fishbase
Mugilidae,Mugil cephalus,0.038142405,11,35,117.5,21.00000263,Scale rings,Mugil_cephalus,Morais_fishbase
Mugilidae,Mugil cephalus,0.04545633,4.95,43.35,117.5,17.13069805,Otolith rings,Mugil_cephalus,Morais_fishbase
Mugilidae,Mugil cephalus,0.040189217,4.95,43.35,117.5,17.13069805,Unknown,Mugil_cephalus,Morais_fishbase
Mugilidae,Mugil cephalus,0.08265005,27.9,40.6,117.5,16.42133126,Otolith rings,Mugil_cephalus,Morais_fishbase
Mugilidae,Mugil cephalus,0.055154835,11,35,117.5,21.00000263,Unknown,Mugil_cephalus,Morais_fishbase
Mugilidae,Mugil cephalus,0.041955327,15.3,43.6,117.5,18.48204178,Unknown,Mugil_cephalus,Morais_fishbase
Mugilidae,Mugil cephalus,0.024970092,-93.3,15.4,117.5,30.06093352,Scale rings,Mugil_cephalus,Morais_fishbase
Mugilidae,Mugil cephalus,0.051551383,-97.4,21.3,117.5,27.10269422,Scale rings,Mugil_cephalus,Morais_fishbase
Mugilidae,Mugil cephalus,0.039738335,-97,24,117.5,26.40699951,Scale rings,Mugil_cephalus,Morais_fishbase
Mugilidae,Mugil cephalus,0.048474902,14.2,44.8,117.5,17.09957143,Scale rings,Mugil_cephalus,Morais_fishbase
Mugilidae,Mugil cephalus,0.067923841,113.5,-25,117.5,22.85976917,Scale rings,Mugil_cephalus,Morais_fishbase
Mugilidae,Mugil cephalus,0.047900337,12.4,45.4,117.5,17.21837374,Scale rings,Mugil_cephalus,Morais_fishbase
Mugilidae,Mugil cephalus,0.092594326,11.25,42.4,117.5,18.90460126,Scale rings,Mugil_cephalus,Morais_fishbase
Mugilidae,Mugil cephalus,0.153244818,11,35,117.5,21.00000263,Scale rings,Mugil_cephalus,Morais_fishbase
Mugilidae,Mugil cephalus,0.137154032,29.9,31.3,117.5,22.37502829,Scale rings,Mugil_cephalus,Morais_fishbase
Mugilidae,Mugil cephalus,0.070360045,119.5,24,117.5,24.66926915,Unknown,Mugil_cephalus,Morais_fishbase
Mugilidae,Mugil curema,0.03088725,-97.4,21.3,90,27.10269422,Otolith rings,Mugil_curema,Morais_fishbase
Mugilidae,Mugil curema,0.114209507,-84.9,9.7,90,29.10100514,Unknown,Mugil_curema,Morais_fishbase
Mugilidae,Mugil curema,0.030474276,-82.36,23.17,90,27.78804973,Other rings,Mugil_curema,Morais_fishbase
Mullidae,Mulloidichthys flavolineatus,0.10279658,34.93,29.5,43,24.2409014,Unknown,Mulloidichthys_flavolineatus,Morais_fishbase
Mullidae,Mulloidichthys flavolineatus,0.155738146,34.93,29.5,43,24.2409014,Unknown,Mulloidichthys_flavolineatus,Morais_fishbase
Mullidae,Mulloidichthys flavolineatus,0.405945477,-157.78,21.44,43,25.51690745,Mark-recapture,Mulloidichthys_flavolineatus,Morais_fishbase
Mullidae,Mulloidichthys martinicus,0.257731229,-77.3,17.7,39.4,28.48861941,Scale rings,Mulloidichthys_martinicus,Morais_fishbase
Mullidae,Mulloidichthys vanicolensis,0.468983121,34.93,29.5,38,24.2409014,Unknown,Mulloidichthys_vanicolensis,Morais_fishbase
Mullidae,Parupeneus barberinus,0.053598598,34.93,29.5,60,24.2409014,Scale rings,Parupeneus_barberinus,Morais_fishbase
Mullidae,Parupeneus chrysopleuron,0.079602057,119.5,24,55,24.66926915,Unknown,Parupeneus_chrysopleuron,Morais_fishbase
Mullidae,Parupeneus heptacanthus,0.201187493,114,9,36,28.96700181,Unknown,Parupeneus_heptacanthus,Morais_fishbase
Mullidae,Parupeneus heptacanthus,0.338968062,34.93,29.5,36,24.2409014,Scale rings,Parupeneus_heptacanthus,Morais_fishbase
Mullidae,Parupeneus multifasciatus,0.743925453,-157.78,21.44,35,25.51690745,Unknown,Parupeneus_multifasciatus,Morais_fishbase
Mullidae,Parupeneus porphyreus,0.634483526,-158,21.2,51,25.81119856,Unknown,Parupeneus_porphyreus,Morais_fishbase
Mullidae,Pseudupeneus maculatus,0.448703003,-77.3,17.7,30,28.48861941,Scale rings,Pseudupeneus_maculatus,Morais_fishbase
Mullidae,Pseudupeneus maculatus,0.408079356,-34.6,-8,30,27.53399959,Unknown,Pseudupeneus_maculatus,Morais_fishbase
Muraenidae,Muraena augusti,0.261275422,-15.3,28,90,20.91479733,Otolith rings,Muraena_augusti,Morais_fishbase
Nemipteridae,Scolopsis lineata,0.9676992,101,9.5,23,29.66124687,Mark-recapture,Scolopsis_lineata,Morais_fishbase
Pinguipedidae,Parapercis clathrata,0.427305883,113.95,-21.93,24,25.66910135,Otolith rings,Parapercis_clathrata,Morais_fishbase
Pinguipedidae,Parapercis cylindrica,0.688255348,146.48,-18.6,23,26.56020845,Otolith rings,Parapercis_cylindrica,Morais_fishbase
Pinguipedidae,Parapercis cylindrica,0.474030584,152.1,-23.5,23,24.7299718,Otolith rings,Parapercis_cylindrica,Morais_fishbase
Pinguipedidae,Parapercis hexophtalma,0.241491285,166.4,-22.4,29,24.71902689,Otolith rings,Parapercis_hexophtalma,Morais_fishbase
Pomacanthidae,Centropyge bicolor,0.622885652,145.4,-14.7,14,26.86426235,Otolith rings,Centropyge_bicolor,Morais_fishbase
Pomacanthidae,Pomacanthus paru,0.294752952,-64.69,18.33,41.1,27.87900795,Mark-recapture,Pomacanthus_paru,Morais_fishbase
Pomacanthidae,Pomacanthus paru,0.090971395,-34.7,-7.8,41.1,27.64920316,Otolith rings,Pomacanthus_paru,Morais_fishbase
Pomacanthidae,Pomacanthus sexstriatus,0.055275165,145.4,-14.7,46,26.86426235,Otolith rings,Pomacanthus_sexstriatus,Morais_fishbase
Pomacentridae,Acanthochromis polyacanthus,0.521511389,146.48,-18.6,14,26.56020845,Otolith rings,Acanthochromis_polyacanthus,Morais_fishbase
Pomacentridae,Acanthochromis polyacanthus,0.720235641,146.43,-18.81,14,26.53234691,Otolith rings,Acanthochromis_polyacanthus,Morais_fishbase
Pomacentridae,Acanthochromis polyacanthus,0.672378447,146.54,-18.85,14,26.44998141,Otolith rings,Acanthochromis_polyacanthus,Morais_fishbase
Pomacentridae,Acanthochromis polyacanthus,0.804556431,146.7,-18.4,14,26.56658156,Otolith rings,Acanthochromis_polyacanthus,Morais_fishbase
Pomacentridae,Acanthochromis polyacanthus,0.813881499,146.75,-18.23,14,26.57654572,Otolith rings,Acanthochromis_polyacanthus,Morais_fishbase
Pomacentridae,Acanthochromis polyacanthus,1.059377276,147.43,-18.5,14,26.60364369,Otolith rings,Acanthochromis_polyacanthus,Morais_fishbase
Pomacentridae,Acanthochromis polyacanthus,1.082264703,147.03,-18.21,14,26.63395915,Otolith rings,Acanthochromis_polyacanthus,Morais_fishbase
Pomacentridae,Acanthochromis polyacanthus,1.057735137,146.85,-18.05,14,26.6433438,Otolith rings,Acanthochromis_polyacanthus,Morais_fishbase
Pomacentridae,Acanthochromis polyacanthus,1.164532716,147.39,-18.27,14,26.79544904,Otolith rings,Acanthochromis_polyacanthus,Morais_fishbase
Pomacentridae,Amphiprion chrysopterus,0.322603144,162.2,11.5,17,28.52884867,Mark-recapture,Amphiprion_chrysopterus,Morais_fishbase
Pomacentridae,Amphiprion melanopus,0.278418173,162.2,11.5,12,28.52884867,Mark-recapture,Amphiprion_melanopus,Morais_fishbase
Pomacentridae,Amphiprion perideraion,0.447859482,162.2,11.5,10,28.52884867,Mark-recapture,Amphiprion_perideraion,Morais_fishbase
Pomacentridae,Chromis margaritifer,0.292431983,-157.5,2,9,27.88374093,Otolith rings,Chromis_margaritifer,Morais_fishbase
Pomacentridae,Chromis margaritifer,0.294177552,-162.15,5.88,9,28.44501644,Otolith rings,Chromis_margaritifer,Morais_fishbase
Pomacentridae,Chromis ternatensis,2.387066351,34.93,29.5,10,24.2409014,Mark-recapture,Chromis_ternatensis,Morais_fishbase
Pomacentridae,Chromis verater,0.491785452,-171.7,25.8,19.904,24.83742968,Otolith rings,Chromis_verater,Morais_fishbase
Pomacentridae,Chromis verater,0.873319108,-171.7,25.8,19.904,24.83742968,Otolith rings,Chromis_verater,Morais_fishbase
Pomacentridae,Chromis verater,0.449745788,-157.78,21.44,19.904,25.51690745,Otolith rings,Chromis_verater,Morais_fishbase
Pomacentridae,Chromis verater,0.636923112,-157.78,21.44,19.904,25.51690745,Otolith rings,Chromis_verater,Morais_fishbase
Pomacentridae,Chromis verater,0.742000053,-169.5,16.7,19.904,26.76565034,Otolith rings,Chromis_verater,Morais_fishbase
Pomacentridae,Chromis verater,0.575093224,-169.5,16.7,19.904,26.76565034,Otolith rings,Chromis_verater,Morais_fishbase
Pomacentridae,Dascyllus albisella,1.031565526,-171.7,25.8,13,24.83742968,Otolith rings,Dascyllus_albisella,Morais_fishbase
Pomacentridae,Dascyllus albisella,0.485016828,-171.7,25.8,13,24.83742968,Otolith rings,Dascyllus_albisella,Morais_fishbase
Pomacentridae,Dascyllus albisella,0.46720228,-157.78,21.44,13,25.51690745,Otolith rings,Dascyllus_albisella,Morais_fishbase
Pomacentridae,Dascyllus albisella,1.058506075,-169.5,16.7,13,26.76565034,Otolith rings,Dascyllus_albisella,Morais_fishbase
Pomacentridae,Dascyllus albisella,1.03880812,-169.5,16.7,13,26.76565034,Otolith rings,Dascyllus_albisella,Morais_fishbase
Pomacentridae,Parma microlepis,0.39073513,151.24,-34.05,17.8,20.23987435,Otolith rings,Parma_microlepis,Morais_fishbase
Pomacentridae,Plectroglyphidodon dickii,0.180997498,-157.5,2,11,27.88374093,Otolith rings,Plectroglyphidodon_dickii,Morais_fishbase
Pomacentridae,Plectroglyphidodon dickii,0.173726823,-162.15,5.88,11,28.44501644,Otolith rings,Plectroglyphidodon_dickii,Morais_fishbase
Pomacentridae,Pomacentrus moluccensis,0.199818843,151.9,-23.4,9,24.70304363,Otolith rings,Pomacentrus_moluccensis,Morais_fishbase
Pomacentridae,Pomacentrus wardi,0.401016599,151.9,-23.4,9.9,24.70304363,Otolith rings,Pomacentrus_wardi,Morais_fishbase
Pomacentridae,Stegastes acapulcoensis,0.593592929,-90.9,-0.2,17,23.52014042,Otolith rings,Stegastes_acapulcoensis,Morais_fishbase
Pomacentridae,Stegastes acapulcoensis,0.720699015,-79,8.4,17,28.50279257,Otolith rings,Stegastes_acapulcoensis,Morais_fishbase
Pomacentridae,Stegastes arcifrons,0.449418551,-90.9,-0.2,16.35387,23.52014042,Otolith rings,Stegastes_arcifrons,Morais_fishbase
Pomacentridae,Stegastes beebei,0.313494179,-90.7,0.6,18.61695,24.27761574,Otolith rings,Stegastes_beebei,Morais_fishbase
Pomacentridae,Stegastes beebei,0.438609329,-90.9,-0.2,18.61695,23.52014042,Otolith rings,Stegastes_beebei,Morais_fishbase
Pomacentridae,Stegastes beebei,0.36160791,-89.54,-0.76,18.61695,23.00762483,Otolith rings,Stegastes_beebei,Morais_fishbase
Pomacentridae,Stegastes beebei,0.345905929,-91.5,-0.19,18.61695,22.8399196,Otolith rings,Stegastes_beebei,Morais_fishbase
Pomacentridae,Stegastes beebei,0.239366353,-90.9,-0.2,18.61695,23.52014042,Otolith rings,Stegastes_beebei,Morais_fishbase
Pomacentridae,Stegastes flavilatus,1.336414701,-79,8.4,12.3434,28.50279257,Otolith rings,Stegastes_flavilatus,Morais_fishbase
Pomacentridae,Stegastes flavilatus,1.218650848,-109.5,23.9,12.3434,25.83610204,Otolith rings,Stegastes_flavilatus,Morais_fishbase
Pomacentridae,Stegastes fuscus,0.09818172,-35.08,-8.75,16,27.89574922,Otolith rings,Stegastes_fuscus,Morais_fishbase
Pomacentridae,Stegastes nigricans,0.963599006,-149.9,-17.47,14,28.24027271,Unknown,Stegastes_nigricans,Morais_fishbase
Pseudochromidae,Pseudochromis fuscus,0.563053366,113.95,-21.93,10,25.66910135,Otolith rings,Pseudochromis_fuscus,Morais_fishbase
Rachycentridae,Rachycentron canadum,0.091497157,-81.6,24.7,200,27.14053914,Otolith rings,Rachycentron_canadum,Morais_fishbase
Rachycentridae,Rachycentron canadum,0.059602894,-80.5,28.5,200,24.67898748,Otolith rings,Rachycentron_canadum,Morais_fishbase
Rachycentridae,Rachycentron canadum,0.176249351,-85,29,200,24.33449143,Otolith rings,Rachycentron_canadum,Morais_fishbase
Rachycentridae,Rachycentron canadum,0.165691095,-85,29,200,24.33449143,Otolith rings,Rachycentron_canadum,Morais_fishbase
Rachycentridae,Rachycentron canadum,0.11881408,-95,29,200,23.39824594,Otolith rings,Rachycentron_canadum,Morais_fishbase
Rachycentridae,Rachycentron canadum,0.1851107,-93,29.5,200,23.35299487,Otolith rings,Rachycentron_canadum,Morais_fishbase
Rachycentridae,Rachycentron canadum,0.134518491,-77,33.5,200,24.78199518,Otolith rings,Rachycentron_canadum,Morais_fishbase
Rachycentridae,Rachycentron canadum,0.105422287,-77,34.5,200,21.22400513,Otolith rings,Rachycentron_canadum,Morais_fishbase
Rachycentridae,Rachycentron canadum,0.132026494,-76.2,38,200,15.07664198,Scale rings,Rachycentron_canadum,Morais_fishbase
Rachycentridae,Rachycentron canadum,0.061997188,47,13,200,28.41075251,Other rings,Rachycentron_canadum,Morais_fishbase
Rachycentridae,Rachycentron canadum,0.102263328,18,-34,200,16.88822023,Unknown,Rachycentron_canadum,Morais_fishbase
Rachycentridae,Rachycentron canadum,0.200760971,144,-11,200,27.10550256,Otolith rings,Rachycentron_canadum,Morais_fishbase
Sciaenidae,Umbrina ronchus,0.21320729,-7,34,100,19.34325149,Unknown,Umbrina_ronchus,Morais_fishbase
Scombridae,Euthynnus affinis,0.347829027,55.5,-4.5,106.8,28.51449454,Unknown,Euthynnus_affinis,Morais_fishbase
Scombridae,Euthynnus affinis,0.320861265,18,-34,106.8,16.88822023,Unknown,Euthynnus_affinis,Morais_fishbase
Scombridae,Euthynnus alletteratus,0.239918111,-82,24,122,27.26449656,Otolith rings,Euthynnus_alletteratus,Morais_fishbase
Scombridae,Euthynnus alletteratus,0.229881121,-17.6,14.7,122,24.07589962,Unknown,Euthynnus_alletteratus,Morais_fishbase
Scombridae,Euthynnus alletteratus,0.24719508,11,35,122,21.00000263,Unknown,Euthynnus_alletteratus,Morais_fishbase
Scombridae,Euthynnus alletteratus,0.16564977,-9.5,43,122,15.04098547,Unknown,Euthynnus_alletteratus,Morais_fishbase
Scombridae,Euthynnus alletteratus,0.206949829,11,35,122,21.00000263,Other rings,Euthynnus_alletteratus,Morais_fishbase
Scombridae,Euthynnus alletteratus,0.121018991,-17.6,14.7,122,24.07589962,Other rings,Euthynnus_alletteratus,Morais_fishbase
Scombridae,Euthynnus alletteratus,0.152181267,30.8,36.5,122,22.2284532,Other rings,Euthynnus_alletteratus,Morais_fishbase
Scombridae,Euthynnus alletteratus,0.137545305,26,38.7,122,18.96639798,Other rings,Euthynnus_alletteratus,Morais_fishbase
Scombridae,Rastrelliger kanagurta,0.450412404,18,-34,37.2,16.88822023,Unknown,Rastrelliger_kanagurta,Morais_fishbase
Scombridae,Rastrelliger kanagurta,0.376621279,35.5,-20,37.2,26.88925195,Unknown,Rastrelliger_kanagurta,Morais_fishbase
Scombridae,Rastrelliger kanagurta,0.442011588,55.5,-4.5,37.2,28.51449454,Unknown,Rastrelliger_kanagurta,Morais_fishbase
Scombridae,Rastrelliger kanagurta,0.664387586,98.2,7.8,37.2,29.86254307,Unknown,Rastrelliger_kanagurta,Morais_fishbase
Scombridae,Rastrelliger kanagurta,0.264363647,119.5,24,37.2,24.66926915,Unknown,Rastrelliger_kanagurta,Morais_fishbase
Scombridae,Scomberomorus commerson,0.142747752,121,-18,258.7,28.36750329,Unknown,Scomberomorus_commerson,Morais_fishbase
Scombridae,Scomberomorus commerson,0.172121175,118,-20,258.7,27.44150098,Unknown,Scomberomorus_commerson,Morais_fishbase
Scombridae,Scomberomorus commerson,0.064254628,153.5,-26,258.7,24.35976372,Otolith rings,Scomberomorus_commerson,Morais_fishbase
Scombridae,Scomberomorus commerson,0.154095073,114.7,-34,258.7,20.28473864,Unknown,Scomberomorus_commerson,Morais_fishbase
Scombridae,Scomberomorus commerson,0.113557626,59,19,258.7,26.46900083,Unknown,Scomberomorus_commerson,Morais_fishbase
Scombridae,Scomberomorus commerson,0.1044158,78.3,8.9,258.7,29.11836618,Unknown,Scomberomorus_commerson,Morais_fishbase
Scombridae,Scomberomorus commerson,0.10900775,47,13,258.7,28.41075251,Other rings,Scomberomorus_commerson,Morais_fishbase
Scombridae,Scomberomorus commerson,0.111033625,79,8.5,258.7,28.46249913,Otolith rings,Scomberomorus_commerson,Morais_fishbase
Scombridae,Scomberomorus commerson,0.20689702,42.4,16.7,258.7,29.91911898,Unknown,Scomberomorus_commerson,Morais_fishbase
Scombridae,Scomberomorus commerson,0.210381366,76,10,258.7,29.26950942,Unknown,Scomberomorus_commerson,Morais_fishbase
Scombridae,Scomberomorus commerson,0.061182899,47,13,258.7,28.41075251,Unknown,Scomberomorus_commerson,Morais_fishbase
Scombridae,Scomberomorus commerson,0.11409957,39,21.5,258.7,28.43849876,Unknown,Scomberomorus_commerson,Morais_fishbase
Scombridae,Scomberomorus commerson,0.119127513,49,28,258.7,25.34827104,Unknown,Scomberomorus_commerson,Morais_fishbase
Scombridae,Scomberomorus commerson,0.061754261,59,19,258.7,26.46900083,Unknown,Scomberomorus_commerson,Morais_fishbase
Scombridae,Scomberomorus commerson,0.129049448,59,25,258.7,27.56699682,Unknown,Scomberomorus_commerson,Morais_fishbase
Scombridae,Scomberomorus commerson,0.135944637,59,19,258.7,26.46900083,Unknown,Scomberomorus_commerson,Morais_fishbase
Scombridae,Scomberomorus maculatus,0.193390944,-37.7,-4,101.2,27.74894591,Otolith rings,Scomberomorus_maculatus,Morais_fishbase
Scombridae,Scomberomorus maculatus,0.167353904,-95.2,19.2,101.2,27.41723927,Otolith rings,Scomberomorus_maculatus,Morais_fishbase
Scombridae,Scomberomorus maculatus,0.195632504,-80.5,28.5,101.2,24.67898748,Otolith rings,Scomberomorus_maculatus,Morais_fishbase
Scombridae,Scomberomorus maculatus,0.19253658,-80.5,28.5,101.2,24.67898748,Otolith rings,Scomberomorus_maculatus,Morais_fishbase
Scombridae,Scomberomorus maculatus,0.210519889,-80.5,28.5,101.2,24.67898748,Otolith rings,Scomberomorus_maculatus,Morais_fishbase
Scombridae,Scomberomorus maculatus,0.192011785,-92,29,101.2,23.93674458,Otolith rings,Scomberomorus_maculatus,Morais_fishbase
Scombridae,Scomberomorus maculatus,0.174655936,-61.3,10.9,101.2,27.52954056,Otolith rings,Scomberomorus_maculatus,Morais_fishbase
Scombridae,Scomberomorus regalis,0.02800388,-76,21.3,183,27.46790091,Otolith rings,Scomberomorus_regalis,Morais_fishbase
Scorpaenidae,Scorpaena cardinalis,0.119083721,152,-33,41,20.78727702,Otolith rings,Scorpaena_cardinalis,Morais_fishbase
Sebastidae,Sebastiscus marmoratus,0.314112162,129.9,32.3,30,21.8424316,Unknown,Sebastiscus_marmoratus,Morais_fishbase
Serranidae,Diplectrum formosum,0.310081972,-80.5,28.5,30,24.67898748,Otolith rings,Diplectrum_formosum,Morais_fishbase
Serranidae,Pseudanthias squamipinnis,0.773731529,34.93,29.5,15,24.2409014,Unknown,Pseudanthias_squamipinnis,Morais_fishbase
Siganidae,Siganus argenteus,0.492904507,145.7,15.25,40,28.69369987,Otolith rings,Siganus_argenteus,Morais_fishbase
Siganidae,Siganus canaliculatus,1.029207851,54.3,24.6,30,27.90561866,Otolith rings,Siganus_canaliculatus,Morais_fishbase
Siganidae,Siganus canaliculatus,1.267339183,123.1,9,30,28.7313946,Unknown,Siganus_canaliculatus,Morais_fishbase
Siganidae,Siganus luridus,0.271084926,35.6,34.25,30,22.6790567,Otolith rings,Siganus_luridus,Morais_fishbase
Siganidae,Siganus luridus,0.21,18,31.5,30,21.79499668,Otolith rings,Siganus_luridus,Morais_fishbase
Siganidae,Siganus rivulatus,0.189043768,30.8,36.5,27,22.2284532,Scale rings,Siganus_rivulatus,Morais_fishbase
Siganidae,Siganus rivulatus,0.32568502,35.6,34.25,27,22.6790567,Otolith rings,Siganus_rivulatus,Morais_fishbase
Siganidae,Siganus rivulatus,0.287641017,18,31.5,27,21.79499668,Otolith rings,Siganus_rivulatus,Morais_fishbase
Siganidae,Siganus sutor,0.529334116,39.7,-4.07,54.4,27.43391407,Otolith rings,Siganus_sutor,Morais_fishbase
Siganidae,Siganus sutor,0.539811323,57.77,-20.36,54.4,25.9644653,Otolith rings,Siganus_sutor,Morais_fishbase
Siganidae,Siganus sutor,0.532962307,55.49,-4.61,54.4,28.7621535,Otolith rings,Siganus_sutor,Morais_fishbase
Siganidae,Siganus sutor,0.443166439,55.5,-4.5,54.4,28.51449454,Otolith rings,Siganus_sutor,Morais_fishbase
Siganidae,Siganus vermiculatus,0.38,178.7,-17.9,45,27.61642567,Mark-recapture,Siganus_vermiculatus,Morais_fishbase
Sparidae,Acanthopagrus australis,0.062771253,153.2,-27.2,78.3,23.20065415,Mark-recapture,Acanthopagrus_australis,Morais_fishbase
Sparidae,Archosargus rhomboidalis,0.719644223,-91.7,18.75,33,28.1954975,Otolith rings,Archosargus_rhomboidalis,Morais_fishbase
Sparidae,Pagrus pagrus,0.063688658,-16,28,91,20.98049989,Otolith rings,Pagrus_pagrus,Morais_fishbase
Sparidae,Pagrus pagrus,0.034487586,27.8,36.3,91,20.65805781,Scale rings,Pagrus_pagrus,Morais_fishbase
Sparidae,Pagrus pagrus,0.063949385,-77,33.5,91,24.78199518,Scale rings,Pagrus_pagrus,Morais_fishbase
Sparidae,Pagrus pagrus,0.03226054,27.8,36.3,91,20.65805781,Scale rings,Pagrus_pagrus,Morais_fishbase
Sparidae,Pagrus pagrus,0.044903887,-80.8,31.4,91,22.1769875,Otolith rings,Pagrus_pagrus,Morais_fishbase
Sparidae,Pagrus pagrus,0.051490229,-80.8,31.4,91,22.1769875,Otolith rings,Pagrus_pagrus,Morais_fishbase
Sparidae,Pagrus pagrus,0.067799718,-80.8,31.4,91,22.1769875,Otolith rings,Pagrus_pagrus,Morais_fishbase
Sparidae,Pagrus pagrus,0.064308198,-80.8,31.4,91,22.1769875,Otolith rings,Pagrus_pagrus,Morais_fishbase
Sparidae,Pagrus pagrus,0.036146134,25,35.5,91,20.23824108,Scale rings,Pagrus_pagrus,Morais_fishbase
Sparidae,Pagrus pagrus,0.022700416,-83,27,91,25.01724489,Otolith rings,Pagrus_pagrus,Morais_fishbase
Sparidae,Pagrus pagrus,0.033175686,-56,-35.5,91,17.8867483,Scale rings,Pagrus_pagrus,Morais_fishbase
Sparidae,Pagrus pagrus,0.089161782,-96,28,91,24.44473955,Scale rings,Pagrus_pagrus,Morais_fishbase
Sparidae,Pagrus pagrus,0.067828455,-80.5,28.5,91,24.67898748,Otolith rings,Pagrus_pagrus,Morais_fishbase
Sparidae,Pagrus pagrus,0.118332661,-25.7,37.71,91,19.00405484,Otolith rings,Pagrus_pagrus,Morais_fishbase
Sparidae,Pagrus pagrus,0.03061779,-42,-22.98,91,23.68475711,Otolith rings,Pagrus_pagrus,Morais_fishbase
Sparidae,Pagrus pagrus,0.06097049,-45.7,-24.6,91,23.82338074,Otolith rings,Pagrus_pagrus,Morais_fishbase
Sparidae,Pagrus pagrus,0.04577388,-43.1,-23.7,91,24.18924267,Otolith rings,Pagrus_pagrus,Morais_fishbase
Sparidae,Rhabdosargus sarba,0.140012702,54.3,24.6,80,27.90561866,Otolith rings,Rhabdosargus_sarba,Morais_fishbase
Sphyraenidae,Sphyraena barracuda,0.066893202,-80.5,28.5,200,24.67898748,Unknown,Sphyraena_barracuda,Morais_fishbase
Sphyraenidae,Sphyraena barracuda,0.091706156,18,-34,200,16.88822023,Unknown,Sphyraena_barracuda,Morais_fishbase
Sphyraenidae,Sphyraena flavicauda,0.1527798,29.9,31.3,60,22.37502829,Otolith rings,Sphyraena_flavicauda,Morais_fishbase
Sphyraenidae,Sphyraena jello,0.122680262,47,13,150,28.41075251,Other rings,Sphyraena_jello,Morais_fishbase
NA,Abudefduf sexfasciatus,0.5965693393,NA,NA,19,25.1499481201,Otolith rings,Abudefduf_sexfasciatus,Reef_services
NA,Acanthurus achilles,0.5564272519,NA,NA,24,27.9284152985,Otolith rings,Acanthurus_achilles,Reef_services
NA,Acanthurus lineatus,0.1588239895,NA,NA,38,27.708316803,Otolith rings,Acanthurus_lineatus,Reef_services
NA,Acanthurus nigricans,0.6390604473,NA,NA,21.3,27.708316803,Otolith rings,Acanthurus_nigricans,Reef_services
NA,Acanthurus pyroferus,0.2015752966,NA,NA,29,27.708316803,Otolith rings,Acanthurus_pyroferus,Reef_services
NA,Acanthurus triostegus,0.1493088694,NA,NA,27,27.708316803,Otolith rings,Acanthurus_triostegus,Reef_services
NA,Acanthurus triostegus,0.1831484257,NA,NA,27,27.6736507416,Otolith rings,Acanthurus_triostegus,Reef_services
NA,Balistapus undulatus,0.1746220417,NA,NA,30,27.708316803,Otolith rings,Balistapus_undulatus,Reef_services
NA,Balistapus undulatus,0.0867660317,NA,NA,30,27.6736507416,Otolith rings,Balistapus_undulatus,Reef_services
NA,Caranx melampygus,0.0508311799,NA,NA,117,27.6736507416,Otolith rings,Caranx_melampygus,Reef_services
NA,Centropyge bispinosa,0.1619277331,NA,NA,10,27.6736507416,Otolith rings,Centropyge_bispinosa,Reef_services
NA,Centropyge flavissima,0.1400350294,NA,NA,14,27.708316803,Otolith rings,Centropyge_flavissima,Reef_services
NA,Centropyge flavissima,0.2946477268,NA,NA,14,27.6736507416,Otolith rings,Centropyge_flavissima,Reef_services
NA,Cephalopholis argus,0.0391092562,NA,NA,60,27.6736507416,Otolith rings,Cephalopholis_argus,Reef_services
NA,Cephalopholis argus,0.0527293094,NA,NA,60,26.6917457581,Otolith rings,Cephalopholis_argus,Reef_services
NA,Cephalopholis argus,0.0902598652,NA,NA,60,25.1499481201,Otolith rings,Cephalopholis_argus,Reef_services
NA,Cephalopholis argus,0.0796348327,NA,NA,60,27.1307640076,Otolith rings,Cephalopholis_argus,Reef_services
NA,Chaetodon citrinellus,0.3881809466,NA,NA,13,27.6736507416,Otolith rings,Chaetodon_citrinellus,Reef_services
NA,Chaetodon ornatissimus,0.4852690869,NA,NA,20,27.708316803,Otolith rings,Chaetodon_ornatissimus,Reef_services
NA,Chaetodon ornatissimus,0.3520129913,NA,NA,20,25.1499481201,Otolith rings,Chaetodon_ornatissimus,Reef_services
NA,Chlorurus spilurus,0.6199220024,NA,NA,27,27.6736507416,Otolith rings,Chlorurus_spilurus,Reef_services
NA,Chlorurus spilurus,0.3522297517,NA,NA,27,25.1499481201,Otolith rings,Chlorurus_spilurus,Reef_services
NA,Chromis iomelas,0.226415596,NA,NA,8,27.6736507416,Otolith rings,Chromis_iomelas,Reef_services
NA,Chromis viridis,1.044089355,NA,NA,10,25.1499481201,Otolith rings,Chromis_viridis,Reef_services
NA,Ctenochaetus marginatus,0.2224320989,NA,NA,27,27.708316803,Otolith rings,Ctenochaetus_marginatus,Reef_services
NA,Ctenochaetus striatus,0.3346210876,NA,NA,26,27.6736507416,Otolith rings,Ctenochaetus_striatus,Reef_services
NA,Ctenochaetus striatus,0.129356857,NA,NA,26,25.1499481201,Otolith rings,Ctenochaetus_striatus,Reef_services
NA,Dascyllus flavicaudus,0.1864613002,NA,NA,12,25.1499481201,Otolith rings,Dascyllus_flavicaudus,Reef_services
NA,Epibulus insidiator,0.0681521523,NA,NA,54,25.1499481201,Otolith rings,Epibulus_insidiator,Reef_services
NA,Epinephelus fasciatus,0.1442635432,NA,NA,40,27.708316803,Otolith rings,Epinephelus_fasciatus,Reef_services
NA,Epinephelus hexagonatus,0.3163224722,NA,NA,27.5,27.1307640076,Otolith rings,Epinephelus_hexagonatus,Reef_services
NA,Epinephelus merra,0.123661963,NA,NA,32,27.6736507416,Otolith rings,Epinephelus_merra,Reef_services
NA,Epinephelus merra,0.1476158175,NA,NA,32,25.1499481201,Otolith rings,Epinephelus_merra,Reef_services
NA,Epinephelus merra,0.3561306152,NA,NA,32,27.1307640076,Otolith rings,Epinephelus_merra,Reef_services
NA,Gnathodentex aureolineatus,0.167732566,NA,NA,30,25.1499481201,Otolith rings,Gnathodentex_aureolineatus,Reef_services
NA,Gymnosarda unicolor,0.0587809587,NA,NA,247.98,25.1499481201,Otolith rings,Gymnosarda_unicolor,Reef_services
NA,Halichoeres trimaculatus,0.2932403366,NA,NA,27,25.1499481201,Otolith rings,Halichoeres_trimaculatus,Reef_services
NA,Lutjanus fulvus,0.2454167998,NA,NA,40,27.6736507416,Otolith rings,Lutjanus_fulvus,Reef_services
NA,Lutjanus fulvus,0.0855494372,NA,NA,40,26.6917457581,Otolith rings,Lutjanus_fulvus,Reef_services
NA,Monotaxis grandoculis,0.1378337112,NA,NA,60,27.6736507416,Otolith rings,Monotaxis_grandoculis,Reef_services
NA,Mulloidichthys flavolineatus,0.4363391862,NA,NA,43,27.6736507416,Otolith rings,Mulloidichthys_flavolineatus,Reef_services
NA,Myripristis berndti,0.1220927581,NA,NA,30,25.1499481201,Otolith rings,Myripristis_berndti,Reef_services
NA,Myripristis berndti,0.1307104668,NA,NA,30,27.708316803,Otolith rings,Myripristis_berndti,Reef_services
NA,Myripristis berndti,0.1087798866,NA,NA,30,27.6736507416,Otolith rings,Myripristis_berndti,Reef_services
NA,Naso lituratus,0.4990553582,NA,NA,46,25.1499481201,Otolith rings,Naso_lituratus,Reef_services
NA,Naso lituratus,0.3101012193,NA,NA,46,27.6736507416,Otolith rings,Naso_lituratus,Reef_services
NA,Odonus niger,0.0774452501,NA,NA,50,27.708316803,Otolith rings,Odonus_niger,Reef_services
NA,Odonus niger,0.1168078936,NA,NA,50,27.6736507416,Otolith rings,Odonus_niger,Reef_services
NA,Ostorhinchus angustatus,0.2496481851,NA,NA,11,27.6736507416,Otolith rings,Ostorhinchus_angustatus,Reef_services
NA,Ostorhinchus apogonoides,0.5556374553,NA,NA,10,27.708316803,Otolith rings,Ostorhinchus_apogonoides,Reef_services
NA,Plectropomus laevis,0.1180372267,NA,NA,125,27.1307640076,Otolith rings,Plectropomus_laevis,Reef_services
NA,Sargocentron microstoma,0.1235461315,NA,NA,20,27.708316803,Otolith rings,Sargocentron_microstoma,Reef_services
NA,Sargocentron microstoma,0.4895510326,NA,NA,20,27.6736507416,Otolith rings,Sargocentron_microstoma,Reef_services
NA,Scarus psittacus,0.5927853659,NA,NA,30,26.6917457581,Otolith rings,Scarus_psittacus,Reef_services
NA,Siganus argenteus,0.1251540368,NA,NA,40,25.1499481201,Otolith rings,Siganus_argenteus,Reef_services
NA,Siganus argenteus,0.3458244617,NA,NA,40,26.6917457581,Otolith rings,Siganus_argenteus,Reef_services
NA,Stegastes nigricans,0.2566106932,NA,NA,14,27.6736507416,Otolith rings,Stegastes_nigricans,Reef_services
